PDB,Chain
5D8V,A
3NIR,A
5NW3,A
1UCS,A
3X2M,A
2VB1,A
6E6O,A
6S2M,A
1R6J,A
2WFI,A
2OV0,A
2B97,A
8C5N,A
3X34,A
7KR0,A
5YCE,A
7A5M,A
1X6Z,A
5TDA,A
3UI4,A
5AL6,A
5NFM,A
1W0N,A
5HB7,A
2H5C,A
1NWZ,A
7AVK,A
2O9S,A
1P9G,A
7BNH,A
2YKZ,A
4EIC,A
2HS1,A
4PSS,A
6ETL,A
1MC2,A
1X8Q,A
7AOT,A
3QPA,A
5EMB,A
2FMA,A
2F01,A
1G6X,A
3WDN,A
3ZSJ,A
6ZPA,A
8K9N,A
7R25,A
1V6P,A
8ERE,A
4HS1,A
5L87,A
5O99,A
3FIL,A
5LP9,A
4O6U,A
5HBS,A
3IP0,A
8AVU,A
4WEE,A
6FMC,A
4NPD,A
7PSY,A
3VOR,A
3G21,A
5GJI,A
3ZR8,X
7A2P,A
6XVM,C
6LK1,A
1J0P,A
2PVB,A
5IG6,A
3G46,A
3X0I,A
1IQZ,A
6HSA,A
4G78,A
6CNW,A
7A2X,A
6UWW,A
1L9L,A
3WGX,A
2G6F,X
6ZSY,A
1OK0,A
1VBW,A
3QL9,A
5QU8,A
2BT9,A
2FDN,A
3QR7,A
2GUD,A
6Q6T,A
4MZC,A
4A02,A
2XOM,A
4UNU,A
3S6E,A
4XDX,A
1ZZK,A
6J93,A
7DC4,A
4EGU,A
1KTH,A
1NKI,A
5AQ0,A
4GA2,A
6IIP,A
2RH2,A
1UFY,A
3ZZP,A
3PUC,A
3AGN,A
5JUG,A
2XOD,A
3KFF,A
6JPT,A
5NLD,A
3E4G,A
4R5R,A
7Z8O,A
1AHO,A
1U2H,A
1G4I,A
1C75,A
4ACJ,A
6X7J,A
5TIF,A
1F94,A
3EO6,A
1ZUU,A
1M1Q,A
7L71,A
8B97,A
3GOE,A
1XMK,A
4MTU,A
1TG0,A
8JEA,A
6FJN,A
3AKS,A
3V1A,A
4HGU,A
3D1P,A
5SY4,A
1GQV,A
3PSM,A
6K9J,A
7YZ7,A
4A7U,A
2PNE,A
1UNQ,A
2ZPM,A
1TQG,A
7QYO,A
5SBQ,A
4IAU,A
1MWQ,A
3Q46,A
5CKL,A
2FWH,A
5O45,A
7KOM,A
5OTN,A
4AQO,A
7A2W,A
4GZN,C
8A55,A
6U66,A
5II8,A
7LOG,A
4NDS,A
4X5P,A
5JDK,A
2GKG,A
7ADR,C
8EY3,A
1EB6,A
3H31,A
3AJ4,A
3FYM,A
4BJ0,A
6PWS,A
1LNI,A
6IGG,A
4ZGF,A
4DPB,X
5IQN,A
1TT8,A
2PND,A
4YMY,A
5XBU,A
5ZX8,A
2QSK,A
4YNH,A
3VRC,A
1OD3,A
3RWN,A
1LKK,A
5SV5,A
1MN8,A
7T89,A
5E1N,A
6GZ8,A
2I4A,A
4AXO,A
2X46,A
6FVI,A
2P5K,A
5D66,A
1NQJ,B
2CE2,X
3RQ9,A
2H3L,A
7K9C,A
6NFR,A
8AXJ,A
4JP6,A
1C7K,A
3A4R,A
2QCP,X
3SOJ,A
1Y55,X
6L8G,B
3A02,A
2V1M,A
3CCD,A
8JFS,A
7SNE,A
7B5W,A
3E7R,L
3ZUC,A
3TEU,A
3SK2,A
7JJA,A
4BPF,A
6Z5Y,A
8FNS,A
7A3M,A
8BJ8,B
3NBC,A
5E1Y,A
6Y4E,A
6QAZ,A
1I27,A
1RW1,A
5MDU,A
1CC8,A
7A2S,A
7T5U,A
5AOT,A
5YDE,A
8AG2,A
6EF7,A
4UYT,A
4EIE,A
3B64,A
7URP,A
3ROF,A
1Y93,A
4XPX,A
5D5Y,A
6DCM,A
6BQA,A
3QZR,A
6N9H,A
5IMA,A
2ANX,A
3OV5,A
7X44,A
6MM2,A
2R16,A
1I2T,A
4B9G,A
2GJ3,A
1TJX,A
3ZQX,A
4AOH,A
6BEV,A
6QJL,A
8AYV,A
1LWB,A
1PSR,A
4QYT,A
4CO8,A
2OIZ,D
3FS9,A
5SVY,A
1R2Q,A
7MPD,A
3GMX,A
2VZP,A
5B8D,A
1KMV,A
6SID,A
2X5Y,A
5FAF,A
5CTV,A
3EY6,A
5QI0,A
3WMV,A
1M2D,A
5I86,A
1EUW,A
2VZC,A
6C1X,A
6TCC,A
6ELV,A
3R87,A
8OMW,A
2AXW,A
4OUS,A
5NYK,A
6FJ7,A
1M9Z,A
2HIN,A
6R4Z,A
7ET5,A
7TFM,A
6B8F,A
3ULJ,A
3W42,A
3MCW,A
5M4V,A
6YOO,A
6JK2,A
8GKO,A
2R0X,A
8CMP,A
7XFS,A
6JK4,A
6UFV,A
7BLK,A
3LB2,A
5HUB,A
8PHY,A
1PMH,X
8GQQ,A
2W72,B
2O90,A
6V67,A
8AIF,A
6S5W,A
3SZH,F
6WFN,A
7CX5,A
3HNY,M
4Q2L,A
7ZUG,A
1JBE,A
2XMJ,A
5ELB,A
2XW6,A
4MQ3,A
4L57,A
4AVR,A
6AR0,A
7O4P,A
4RQR,A
5UMP,A
4PE0,A
5OPF,A
3NGP,A
2CAR,A
1NKD,A
7OGW,A
6ZEG,C
1K5N,B
1N62,A
5Y9Z,A
5J1N,A
3T7L,A
4JOK,A
5S9G,A
4L05,A
5OHQ,A
1C5E,A
4IZX,A
8B2E,A
5SYA,A
5VG0,A
4WWF,A
3LWX,A
7ZTF,A
6RRV,A
2AIB,A
3RO3,A
2V9V,A
6R1D,A
4HE6,A
2V89,A
2NWF,A
3QZB,A
8BBU,A
7YUG,A
1D4T,A
3E8M,A
1GMX,A
1Z2U,A
4H7W,A
1T8K,A
6MU0,A
4CVR,A
3P4H,A
7O91,A
4MAK,A
4J8C,A
4M91,A
8EHE,B
8C86,A
5AUL,A
2CAL,A
6W2G,A
1BKR,A
4XUW,A
6EXX,A
1UZ3,A
2V8F,A
3CT6,A
1RG8,A
6DYF,A
4H4N,A
3NZN,A
2HXS,A
4ETN,A
7YWG,A
4B1M,A
6ENI,A
2NYB,A
5LJP,A
7Q6A,A
3SNF,A
5EM0,A
3LQB,A
5XEC,A
7MW7,A
2RHF,A
7F9J,A
7W0Q,A
6T02,B
8TNM,A
2X4K,A
7TBR,A
1KT6,A
5M1P,A
5IWH,A
5VNY,A
3U97,A
2OFC,A
6TL7,A
2Q3G,A
5WSF,A
5W0H,A
3CI3,A
1SAU,A
4HCJ,A
5EMI,A
1TUK,A
4CK4,A
6E7E,A
8ONB,A
1LU4,A
5F6E,A
2WJ5,A
4YEC,A
6LUJ,A
1JF8,A
3DS4,A
3TYS,A
6J2M,A
6U97,A
6N3D,A
6ZC2,A
1U07,A
3K6I,A
3D9X,A
6SWI,A
2JLI,A
7DQT,A
6Q9L,A
7LF3,A
5K6D,A
1P6O,A
5AOZ,A
4BK7,A
6ELM,A
4W8H,A
5NB4,A
7T26,A
4QPW,A
4INW,A
3S2R,A
6ZNV,A
5YOB,A
6EEY,A
2ZK9,X
7CN7,C
3TBN,A
4JXR,A
1T3Y,A
1B9O,A
4UU3,A
4WN5,B
1XT5,A
6H8O,A
4H3U,A
1GWM,A
4ERC,A
4UHT,A
2ZXY,A
6T9Q,A
7W2P,A
3ZZO,A
6CWM,A
2UUY,B
2NSZ,A
3DNJ,A
4DT5,A
4ZVF,A
6K7C,A
1I8O,A
6MYI,A
7W50,B
1VZI,A
6ICG,A
4JIU,A
1XMT,A
7S7J,A
1I4U,A
3K21,A
6W5B,A
3R72,A
6EKG,Y
1XOD,B
3S0A,A
2IC6,A
3IHS,A
7M10,A
5G38,A
6NLQ,A
7MQQ,A
2J8B,A
4HRO,A
3T3L,A
5BTY,A
5K34,A
1VFY,A
7SOQ,A
3BFO,A
2BWF,A
1K8U,A
3LAG,A
7XTN,A
5K8S,A
2O9U,X
2D8D,A
6CPB,A
3SU0,A
5AIG,A
7P50,B
4AL0,A
4DUI,A
6C4Q,A
1H4X,A
6E1F,A
2RFR,A
6V6U,A
7TAB,A
7V4Z,A
6L7Q,A
2VH3,A
8HLO,A
7LWE,A
4UE0,A
1H97,A
1C9O,A
3X0T,A
6B1K,A
4Z2O,A
3F1P,B
4EMN,A
5YKZ,A
6GDX,A
5O5S,A
1WKQ,A
7UW7,A
4BFO,A
5TZM,A
5F6R,A
4B0H,A
3WDC,A
7C82,A
1KQ6,A
3EF4,A
3ZIT,A
6MRR,A
5EQ0,A
5V6J,A
6R01,A
5NVJ,A
4B9P,A
8B2F,A
5DIC,A
2XFD,A
4YEP,A
3S6F,A
1GU2,A
3A07,A
7TVC,A
4INC,A
6DGA,A
1IFC,A
2FRG,P
6S95,A
7UI2,A
2FJ8,A
4YWA,A
5SZC,A
6X1X,A
5UUK,A
3NZL,A
1SEN,A
7NZA,A
4OD6,A
7FGN,A
2I61,A
3QHB,A
2BK9,A
5E9P,A
7B21,A
2CS7,A
3HZA,A
3HYN,A
1MJ4,A
4DVC,A
1VR7,A
4RGD,A
2IAY,A
6SLL,A
6BO0,A
3BWZ,A
1WM3,A
5BY5,A
1KNM,A
1J98,A
4D0Q,A
3OHE,A
3H5J,A
4L8A,A
3HT1,A
1GYO,A
6UFE,A
8B6E,A
6XFJ,A
7JUB,A
3IPJ,A
3EDO,A
5E0J,A
5OXZ,A
4EBG,A
3R3R,A
8C4P,A
4NYH,A
6D9N,A
1UCR,A
5K2L,A
6R3W,A
2FCL,A
6CBU,A
6A56,A
2QF4,A
6SU5,A
4NYQ,A
1CZ9,A
5V2O,A
3WWL,A
4FR9,A
7ZOB,A
4LUP,A
3OXP,A
1NWW,A
2ZNR,A
3RHB,A
6HIP,A
7JGU,A
6SWT,B
2V1Q,A
6OHK,A
4Q27,A
6B26,A
1W6S,B
4QQH,A
2DLB,A
6DT3,A
2R2Z,A
2BMO,B
2ZEX,A
3KHF,B
6PCK,A
5BTW,A
4GWB,A
2FLH,B
4EIH,A
6HBB,A
7VUB,A
1NZ0,A
1TU9,A
4O0A,A
4BGC,A
1QTN,B
6UOF,A
5MR1,A
3A6R,A
1X6I,A
7AVC,A
7ZMX,A
4RFU,A
7EYL,A
2A26,A
8F3A,A
6O40,A
1CSE,I
2H8E,A
4MJE,A
1BX7,A
3DQY,A
3R9F,A
2CG7,A
5YRH,A
1WN2,A
1O7I,A
7PRJ,A
3G36,A
2HHG,A
4ZY9,A
1V8H,A
8H0R,A
7DU7,A
7YSI,A
4WJT,A
6SRT,A
6L0O,A
2XI8,A
4OXX,A
1E+029,A
1D4O,A
7XFT,A
3BMZ,A
6SQP,B
6UT9,A
7CHR,A
7UR7,A
5I29,A
5GGN,A
7DHF,A
6I05,A
3M7A,A
8EE9,F
6MWS,A
5X7L,A
7EN7,A
4HQZ,A
8H1F,A
3C8L,A
5HOB,A
5VX1,A
8JN0,A
2Y0O,A
7NTO,A
3UE2,A
4XED,A
4XHV,A
6Y01,A
4DQJ,A
7RUP,A
3F7E,A
4UU5,A
7R4U,A
7NG2,A
3VEJ,A
5F68,A
8HEK,A
5R8Q,A
6L1P,A
1I0V,A
3F7X,A
4NKP,A
3CP5,A
7EE5,A
4PJ2,A
6Q1M,A
4A56,A
3SFJ,A
4F0W,A
2CE0,A
1USC,A
7EK6,A
3RFE,A
4XEZ,A
4HY4,A
5XBC,A
6UTC,A
4PS6,A
3MMH,A
4J5R,A
5TAB,A
4RWU,A
2R6V,A
1ZMA,A
4JGL,A
3GRD,A
4MUV,A
8AJQ,A
5CVW,A
3QZM,A
3NJN,A
7BR1,A
6X7H,A
3NS6,A
7S3W,A
4A4J,A
2HBA,A
3K67,A
1S3C,A
2YH5,A
3LF5,A
3NEQ,A
1EAQ,A
2COV,D
7ESW,A
3N08,A
3ZRX,A
7T1K,A
2WLV,A
3QOO,A
4AFM,A
4GQM,A
8SRZ,A
4NOA,A
3ZFP,A
6GBI,A
6DOP,A
1OOH,A
4C6A,A
5MWZ,A
1MF7,A
2WWE,A
2FG1,A
6KXT,A
6R2W,L
8PI4,A
2QJZ,A
3AK8,A
3IVV,A
3F9X,A
6RYJ,A
1QFT,A
1Y6X,A
2G3R,A
4MZI,A
2DY0,A
5LX6,A
7PUD,A
2GOM,A
1QAU,A
3O2R,A
5D78,A
4PKL,A
4TO7,A
7FDS,B
3PD7,A
4QP5,A
5M2O,B
4F98,A
3S4E,A
3ZN4,A
4J4Z,A
7MBJ,A
7T5V,A
8PJ7,A
4JH2,A
1GXU,A
5VHG,A
6FSG,A
4Q53,A
3F40,A
5DHD,A
2CC6,A
7S5H,A
5NSA,A
4QUS,A
4RZ9,A
4MJD,A
5M33,A
7KPO,A
4YUD,A
4EP4,A
5N8A,X
5H9N,A
4J42,A
8EB9,A
4LTT,A
4HCS,A
6TS3,A
1C52,A
3MEU,A
1RTT,A
5L0N,A
4YG0,A
4WDC,A
5R4V,A
4ULV,A
4XMH,A
6SA5,A
4TKC,A
3M9Q,A
6ST4,A
4FZP,A
5NZO,A
8DEZ,A
6FC0,B
3PQH,A
6W70,A
6NE2,A
5X2E,A
4MRY,A
4WBJ,A
6ER4,A
4W9Z,A
1OQV,A
4M1X,A
3G0K,A
3HWU,A
5V01,A
4Z39,A
6ENS,A
7KH8,A
6GCV,A
5I8F,A
4ZHB,A
3WH2,A
4RLE,A
3FGV,A
1QDD,A
2NQW,A
6TNQ,A
3LQW,A
5INB,B
3QZX,A
3OGN,A
3NBM,A
3L9A,X
3KKF,A
2PRV,A
3HM4,A
3A9F,A
6TRJ,A
1WPN,A
7JZS,A
3EUR,A
3U7Z,A
6Q61,A
5TQJ,A
3EBT,A
4I2U,A
1LQ9,A
1W2L,A
2CCV,A
7RG8,B
6FF1,A
1NXM,A
5ZRG,A
2VUV,A
1J2R,A
3WUZ,A
2XKI,A
4QC6,A
8EV4,A
3GWK,C
2QSB,A
1JCD,A
7ANI,B
6VH6,A
4HKG,A
4ZCN,A
5HB6,A
7KII,A
2XHF,A
4OI3,A
2I8T,A
3R0N,A
4GMQ,A
3HFO,A
3GA4,A
3FK8,A
1MJN,A
3F2Z,A
7FXO,A
1Z6M,A
8WFF,A
2MHR,A
1T6U,A
7FD1,A
2Y5P,A
7UZO,A
3PN3,A
1KMT,A
2GZQ,A
2J6B,A
7O39,A
6JSA,A
5CWH,A
2RE2,A
2NR7,A
3I6C,A
2IZX,A
2R5O,A
7JGW,A
6FF2,A
3QU3,A
1CY5,A
5EXH,C
5ZRY,A
3S8S,A
7C31,A
6EXZ,A
7DHP,A
4QBO,A
3CIM,A
6W92,A
5YH4,A
4CGS,A
3N01,A
1USE,A
2NLV,A
2XNQ,A
1O8X,A
3BQP,A
6FDG,A
6TGK,C
4P82,A
3PES,A
2ZHN,A
6KJK,A
7LHY,A
3L1N,A
5FA8,A
7VBF,A
8IWI,A
4EEW,A
5IO9,A
7OXD,A
6L5H,A
6C1Z,A
6LAC,A
2FCJ,A
6TG6,A
5C6S,A
1ZCE,A
2ECU,A
1UCD,A
1XEO,A
2GRR,B
2J9W,A
1V70,A
2GEC,A
7ZJF,A
2PV2,A
4U6O,A
7BQI,A
4GZC,A
3JTZ,A
2VOK,A
2IC2,B
1USO,A
1JL1,A
2EHP,A
5DZO,A
3T47,A
6T6E,A
5OL9,A
6JL3,A
5ZT3,A
6NSV,A
6JV7,A
2XQQ,A
5Y4M,A
3BLN,A
5BOW,A
6FQ1,A
5SV2,A
7VJO,A
1NYK,A
1VMH,A
6W4L,A
8I2D,A
7CFW,A
7C8S,A
3EAZ,A
2VC8,A
5XCQ,B
4NBP,A
8R8A,A
4HDE,A
7OLW,A
5ETR,A
1E7L,A
7THH,A
6GG7,C
5HDK,D
5XDH,A
4EAE,B
7RSW,A
2IBL,A
7VMF,A
3GBW,A
5HQH,A
1MKK,A
3CM3,A
7Y73,A
5B08,A
4IN0,A
6Z96,A
7JOD,I
8JWD,A
5M2P,A
6Z1V,A
6I5O,A
2UV4,A
3NGG,A
6JJT,A
6VAN,A
3BR8,A
5M97,A
4PQD,A
5WK0,A
7R84,A
4F3J,A
8W59,A
5OPZ,A
6YDR,A
3TOW,A
8OYS,A
3SUK,A
4L5E,A
7KZW,A
5YHR,A
6DS9,A
1VH5,A
3Q4O,A
8BK4,A
7W8E,A
6Z2T,A
1UTG,A
6L0V,A
5W7W,A
4Q29,A
5COF,A
7RFD,A
6E1X,A
3OQ2,A
4KDW,A
6EDV,A
2OVG,A
3GFA,A
2Z51,A
1EAJ,A
4WHS,A
3RX9,A
6G5P,A
6FC1,B
4H6C,A
2IYV,A
1OH4,A
3S9X,A
4YCB,A
3WG3,A
4NMU,A
5EPF,A
1GYX,A
1SJW,A
3O3Y,A
7VQG,A
2JDA,A
6ZRW,A
5TZP,A
5OMT,A
6TCB,A
2XOL,A
3H4N,A
2GKP,A
4JF8,A
1G2R,A
5ISV,A
4MNO,A
3U6G,A
7NES,A
6TYK,A
1VKK,A
1WDD,S
4DT4,A
4ONM,A
1FD3,A
5EHA,A
4G0X,A
4HDD,A
4QB6,A
7WF8,A
6TZN,A
6XYA,B
6GD3,A
6GMP,A
6H8G,A
4P0Z,A
3BOM,A
4EQP,A
5FEB,A
2I24,N
3SJM,A
7KJQ,A
2Z5W,A
4YX1,A
6GAJ,A
3I3F,A
2WY4,A
2PIE,A
4GOF,A
2QJW,A
2WDS,A
2VQ8,A
6GI4,B
6F5Z,C
6P28,A
4Q2S,A
1PZ4,A
4LPL,A
8D4W,A
3BM7,A
3FGH,A
4RPT,A
7DGW,A
5V1V,A
7P6S,A
1TZV,A
1UKF,A
6UDV,A
2IP6,A
8HXS,A
8ESE,Z
1YN3,A
2HD9,A
5MAO,A
5N41,A
3W0T,A
4IPU,A
7EPJ,A
6C74,A
6QPK,B
6O8L,A
4RP3,A
7WW6,A
4WIL,A
1VIM,A
6TYY,A
6WES,A
5L74,A
5KVR,A
6E+028,C
8FX9,A
7RA0,A
6KJW,A
6HIU,A
3OFG,A
4MTM,A
6HGM,B
1JO0,A
6WFI,A
1OUW,C
3SO6,A
3B79,A
6IFB,A
4CFQ,Q
1F1E,A
8F43,A
8OXK,A
3HNX,A
7S5A,A
7MS0,A
3CJS,B
3VN0,A
7E4V,A
3CT5,A
3K2Z,B
3HUP,A
5HTL,A
6RY3,A
3UB6,A
5U2K,A
5XKR,A
7BX9,A
7QRJ,A
6R5J,A
8GYN,A
4I6R,A
4HWM,A
4XZF,A
2JEK,A
3FZ4,A
3NUF,A
6CW0,A
4R6R,A
7K5L,A
3ZXF,A
2VIM,A
7ECQ,A
5WFB,A
5CIV,A
5W3R,A
4WZX,A
5WWD,A
5M0W,A
5IXB,A
5YKU,A
6VVN,A
1ZUY,A
4TZH,A
4OA3,A
1N8V,A
6Y7Q,A
2NUH,A
7WZ5,A
2C3V,A
4ZHW,A
6M,A
4ZL8,A
3ZVS,A
7S4O,A
4Y2F,A
7D55,A
3URR,A
6YAU,A
6DNM,A
7F41,A
6K39,A
5XC5,A
7NLC,A
5EMX,A
5HGJ,A
4NF1,A
6MYD,A
4ICI,A
3E4V,A
4Z,A
5FUI,A
2G84,A
3E8O,A
4JM1,A
30000000000,A
6EWM,A
2ODK,A
3K5J,A
5FV5,A
5TK2,A
2W7A,A
2G7S,A
3GZR,A
6GQZ,A
2GYQ,B
3CVB,A
4FH0,A
4IL7,A
6Y8L,A
5NWG,A
3EJV,A
6WL5,A
2OZH,A
3IQT,A
5F4C,A
5WFY,A
2P8I,A
5XBI,B
6J4D,A
2VE8,A
7BWH,A
2RFF,A
3BD1,A
1U7I,A
6ER1,A
7H,A
4GUC,A
2FTR,A
4TXW,A
4N3T,A
3WVA,A
2J5Y,A
5T7D,A
4JE1,A
7S5S,B
2J73,A
5EWY,A
5VGL,A
3IIS,M
3LLU,A
3LAS,A
6VAG,A
7PLP,A
5OVV,A
2FI1,A
5IXH,A
6X1N,A
8DV0,A
2R8E,A
6Z6E,A
3GXH,A
1EZG,A
3U7R,A
7ASB,A
4O1R,A
3DB7,A
8FNR,A
4J9E,A
6E3A,A
3ZHN,A
1Q5Y,A
6XFU,A
2W6A,B
3PLW,A
2HIY,B
2RA9,A
3SD2,A
6EWL,A
7F3S,A
2IVY,A
6G8Y,A
2QNG,A
2I51,A
3ULT,A
5WD9,A
6VJJ,B
4X9C,A
3HZP,A
1R26,A
3IX3,A
5LAL,A
5NT7,A
2UX9,A
5ITM,A
1EAZ,A
3KYJ,A
5XVJ,A
2CB8,A
3B0F,A
3U3G,A
4CV7,A
4WRI,A
6T84,A
8D02,A
7JJK,A
3D4E,A
3SLZ,A
3KM5,A
1M55,A
4R1J,A
4AK8,A
4Y2M,A
2WCJ,A
3HF5,A
3TQ5,A
2OCT,A
5L8Z,A
1SVF,A
3KKG,A
5J4F,A
4OEL,B
4YE7,A
6LJE,A
5DAE,A
4YME,A
7AL1,A
5IN1,A
8AP3,A
8HEH,B
1F7D,A
2VNG,A
6YLD,A
3PLU,A
4F87,A
5MTE,A
3BKR,A
5TNW,A
2WUJ,A
1JF3,A
1UWW,A
6A02,A
5ZU6,A
5ML3,B
5Y4T,A
4ALZ,A
1PBJ,A
1VZM,A
2W3G,A
1YU5,X
2G7O,A
4FP5,D
2PEZ,A
1Y43,B
4WFV,A
3M8J,A
7NYO,A
3NO7,A
4OU0,A
4ZC3,A
2EW0,A
2TNF,A
7MQ3,A
2XZ2,A
1V7R,A
3FKE,A
1NYC,A
2YVE,A
3AGT,A
5H3V,A
8P6Q,A
2OHW,A
1EW0,A
2F1S,A
1V37,A
2FQ3,A
7ZOI,A
1GP0,A
1NG6,A
4ORR,A
1IFR,A
1V30,A
1KR4,A
3RY0,A
3K7P,A
3ZZY,A
3BQX,A
3BPV,A
2GU9,A
5DLO,A
5ZHO,A
4ZV0,B
5AIM,B
5K08,A
6A5D,A
5V0M,A
4LNP,A
4LUK,A
3ASL,A
7WVR,A
2OA2,A
2P0N,A
4E+019,A
7QTW,A
6WXO,A
6GN5,A
5XZ4,A
6RO6,A
2F46,A
8G4Y,A
6MJ7,A
4X9J,A
5DE3,A
5I5N,A
7LD9,B
7N0R,A
3MAO,A
6FPQ,A
4BEG,A
5TDR,A
2F22,A
5I4H,A
7M1A,A
3MAB,A
6RWT,A
3LHN,A
6XL7,A
5YIU,A
8VGD,A
7UXR,A
1PP0,B
5V1Y,A
3A35,A
5U0I,A
6ON6,A
6NDT,B
8BNY,A
1B0B,A
4PUX,A
6PJV,A
7OFV,A
7ODY,C
7EKZ,A
8CH9,B
3MQH,A
8AD9,A
4JTM,A
1V05,A
3NFK,A
2OPC,A
7TZK,A
7FAO,A
6YIP,A
7CLY,A
5LUS,A
4N2P,A
4KT3,B
4V0K,B
5VSN,A
5JW8,A
5TG0,A
7R66,A
6QVF,A
3GZB,A
8H1A,A
4LD1,A
8DYE,B
2CJT,C
5KO4,A
4PH2,A
3VTO,A
2QJL,A
2IA7,A
2PR7,A
8AN5,C
7RGJ,B
3HMC,A
2PN6,A
4Q7E,A
7UC3,A
5COY,A
4MAX,A
4JNU,A
7VW0,A
7E1F,A
8H2F,A
6I0I,A
7CQ3,B
5XN9,A
6HH2,A
4EO7,A
4NXY,A
4F2E,A
6AC0,A
4S1P,A
6NMO,A
5X57,A
7QZO,A
7QFU,A
6ZM9,A
4EVU,B
4Z04,A
6BXG,A
2HW2,A
2CKK,A
3JUM,A
3H0N,A
4B62,A
3T49,A
3ZOQ,B
6AMG,A
4YVO,A
7SYB,A
5JBN,A
4HLS,A
4Y88,A
3G16,A
3HX8,A
2CIA,A
4Q7O,A
5L20,A
4X33,A
2NN5,A
3KE7,A
1FM0,D
3IMK,A
2J1V,A
6Z0M,B
1WL8,A
7OVV,B
1W1H,A
3D5P,A
3EYI,A
3L4R,A
3BED,A
3FIA,A
4IUM,A
2END,A
4WF5,A
3FCN,A
6FXD,A
1UUY,A
4ICV,A
7W3E,J
3KWR,A
7NZD,A
3R3Q,A
2XS7,A
3LYD,A
5KVB,A
5C04,A
7B67,A
2HEW,F
2VEZ,A
3ITF,A
4Z3G,A
1LM4,B
3WUR,A
6UID,A
7MS7,A
2RB8,A
6R0R,A
3F14,A
7VKJ,A
5LTL,A
2GLZ,A
4P3H,A
5XLU,B
1ABA,A
2W1S,A
7ZR2,B
4V4M,0
6ZDY,A
7R1L,A
4DRI,B
3GA3,A
5NHU,J
6OJ7,A
1XBI,A
1JI7,A
2B0A,A
1HLQ,A
3IE4,A
6JCC,A
2QFE,A
1WLU,A
1BGF,A
3LDC,A
5C5Z,A
2JBA,A
5G51,A
8DTQ,A
1HZT,A
3EYE,A
2HLQ,A
3HZ8,A
1XLQ,A
1IS3,A
4IEJ,A
1IDP,A
1IO0,A
1WVQ,A
1V4P,A
3D7J,A
7YHR,A
1YBK,A
1XYI,A
4OQ9,A
2RL8,B
3BY8,A
2GXG,A
1X2I,A
3POJ,A
6AC5,A
6J6L,A
4Z9H,A
3LAE,A
3RTL,A
6HK9,A
4N5U,A
7T1E,A
2FB6,A
1VMG,A
5JPH,A
4S36,A
7T7Z,A
2EAQ,A
7KCN,A
3I7M,A
4HU2,A
5ICU,A
4HVY,A
2OH1,A
5HHE,A
7MCC,A
7UBJ,A
1W70,A
1JIG,A
8AQR,A
6Z4A,A
8HY9,A
7KIH,A
2HZC,A
3N4J,A
5FFX,A
8SBM,B
5FJL,A
3I4O,A
5YWR,B
8ERH,A
4BOQ,A
6TCI,A
7QF7,A
3FG9,A
6EU8,A
3HPC,X
5FH7,A
4XXL,A
1SMO,A
7LVM,A
5H1N,A
3A0S,A
1R7J,A
3GHJ,A
6ZM0,A
4NN2,A
4MZJ,A
6G96,A
6J03,A
2Q3W,A
7OEC,A
6ZC7,B
4FTF,A
3F6V,A
2QIP,A
6EVN,A
2W9H,A
3DSB,A
7P0J,A
2XVM,A
2BCM,A
3ROB,A
2OLM,A
1UPQ,A
8DPV,A
3ZJA,A
1B67,A
4HLY,A
1WPU,A
1DZK,A
5TVO,B
5K2I,A
4WQK,A
3L46,A
6ZRN,C
6QHG,A
5O75,A
5N86,A
7YY9,A
3MC3,A
5YNX,A
6HC1,A
7SUT,A
3ZZS,A
6F6O,A
7W27,C
4UYP,A
4E6F,A
2VXT,I
4C2V,C
1Z1S,A
2E0Q,A
3PMC,A
3ZBD,A
7DE7,A
8YE5,A
1Z0N,A
2Q5C,A
3K12,A
8EVK,A
7CHX,A
8XAB,A
5QOQ,A
6IQC,A
5R4Q,A
1MY7,A
3PIW,A
5ZKE,A
7SQ4,A
6OD3,A
7CZJ,A
7V6T,A
5KHT,A
3KYZ,A
5F47,A
4QNS,A
5VGB,B
6MHA,A
5F3M,A
4Y9I,A
6P58,A
4LIZ,A
1KLL,A
5FJD,A
4WH9,A
3U3Z,A
3HMZ,A
3A57,A
4JMI,A
2QL8,A
3RRI,A
3H4O,A
5CDK,A
1WCU,A
4F8L,A
4XTB,A
5OAK,A
1OCY,A
7D9E,B
7B2S,A
3T9G,A
3HTN,A
3PA6,A
3Q6B,A
6N6A,A
6VG5,A
5ZIQ,A
3VV1,A
4ZVC,A
2QSW,A
2JKU,A
2VMH,A
2OPL,A
5VOG,A
2WKK,A
8OK3,A
7RUT,A
2IWR,A
7KOS,A
2V4X,A
1VQS,A
3QB8,A
3OMD,A
8P5N,A
3CZ1,A
4RT5,A
2MCM,A
5OBT,E
7PFH,A
2CF7,B
2G1U,A
5A35,A
3IV4,A
6GDJ,A
4LZX,B
4QM6,A
6YJ9,A
2BZU,A
2RKQ,A
6B9H,A
1VL7,A
5UEB,A
8AMT,A
2HX5,A
8T4C,A
5YDD,A
2GWM,A
5V5H,A
4XBA,A
4RKF,A
3UFE,A
4UQW,A
4ZBH,A
3PP5,A
5YQJ,A
3VRD,A
2QNL,A
6SJA,B
2WTP,A
7CG8,A
5D7U,A
8K6H,A
4XIN,A
6L2U,A
2OFK,A
3P1G,A
1LO7,A
6XPJ,A
2BT6,A
4ZMK,A
6KZJ,B
5NCW,B
6OOD,A
3HV2,A
3EF8,A
5NTB,A
1UOY,A
4WND,B
2J2J,A
7D8Q,A
6C8C,A
6ZP9,A
3CHM,A
5V6F,A
6WAY,A
4MMG,A
1YN9,A
2WTG,A
3T90,A
6XZU,B
5U1H,A
2W31,A
2F62,A
6G62,A
2BKM,A
4R03,A
6TJ4,A
3BVF,A
6P29,A
3G48,A
4LX3,A
3GOX,A
5EPW,A
1YD0,A
2XEU,A
3DEO,A
2IMJ,A
4IGV,A
5GNF,A
7A1R,A
6SYG,A
5FPZ,A
1IQQ,A
4EZG,A
4TPW,A
7NQ6,A
5HBP,A
4BU0,A
2Z3H,A
2WBX,A
1ISU,A
7UXD,A
5YA6,A
4IHZ,A
7PE0,A
5MAW,E
1VYI,A
5TW9,A
3RT2,A
1XRK,A
5ZCY,A
2OPG,A
4YNX,A
5GV0,A
4LKS,A
2PYQ,A
4YTD,A
4EF0,A
2XRH,A
2J05,A
2FUL,B
2R6U,A
7C8N,A
3ER7,A
3SH4,A
2P14,A
2ARC,A
3Q64,A
2CYJ,A
8ECP,A
4X9Z,A
7YFU,A
3A2Z,A
5CWL,A
3T92,A
4DM5,A
1V5I,B
7EF0,A
3L4N,A
1BTE,B
1GUT,A
3SHG,B
3CCG,A
6SJH,A
4GEI,A
3WZ3,A
3H79,A
2ZDP,A
2RK5,A
2I5U,A
2XUV,A
1EP0,A
1M4I,A
3ME7,A
2O1Q,A
2Q2F,A
4F2L,A
3GMG,A
4Q9B,A
5LB7,B
2BAY,A
2GS5,A
6EWH,A
1X91,A
1FR3,A
7NET,A
4M2O,A
3NRF,A
4A6Q,A
3R5G,A
1SHU,X
7QFI,A
6Y1Y,A
5FU5,A
3IFN,P
5M1M,A
4UXM,A
1WHI,A
1F7L,A
5E4G,A
2DS5,A
1KOE,A
2RIV,B
3N79,A
1Z6N,A
5M0Y,B
6E5X,A
3PO8,A
7WCC,A
1DP7,P
4I6X,A
2HQS,C
1PVM,A
1X46,A
7YKM,A
7Y86,A
4OY7,A
2O6P,A
2PA7,A
3KUV,A
4RRI,A
7W89,A
1TP6,A
1SJ1,A
1MTP,B
7LC5,A
6XHH,A
1G1T,A
6NQ6,B
4WTX,A
1IG5,A
1SH8,A
7R7B,A
8OYW,A
1EJ0,A
3QHP,A
3DFG,A
1F46,A
7OC9,A
1LMI,A
6DKQ,B
3D2Q,A
3RNJ,A
7Z8Z,A
3L32,A
2WH6,A
7Y5M,A
3BGU,A
5ZA3,A
1ROC,A
1GZ2,A
1ELK,A
3VWC,A
3CA7,A
1G2Q,A
3RY4,A
2P39,A
1IQ6,A
1QW2,A
2CVI,A
3TWY,A
1I0R,A
1EGW,A
6U2U,A
3U5S,A
1J3W,A
1JR8,A
7C5Z,A
1UTI,A
3IEZ,A
2BFQ,A
1TUA,A
1SZH,A
3AKB,A
4ZEY,A
6SCQ,A
1IRQ,A
6TGJ,A
1NTV,A
1FGY,A
1JEK,A
2BPD,A
2H7Z,B
4F2F,A
2QVG,A
3KB5,A
8WXM,A
2DPF,A
5AZW,A
2ZFC,A
1Y5H,A
1Y9L,A
2RKL,A
1GMU,A
2W1R,A
2V6V,A
2CZS,A
2INW,A
2RA6,A
7Y43,A
1V2X,A
4WPY,A
1S67,L
3LT7,A
1NLQ,A
3HUH,A
1ZHV,A
1WPA,A
6AKK,A
4WSF,A
5UMR,A
4NG0,A
4NOH,A
4M8A,A
4DYQ,A
2XGU,A
4QUC,A
3PNA,A
6EZI,A
5E+056,A
5E5Y,A
4UN2,B
7OEX,A
7O4C,A
7YRB,A
6VGW,A
7KMU,A
2OYO,A
4GT8,A
7SCS,A
3OE3,C
1VJK,A
1YPY,A
7AGW,A
4QXL,A
5BY8,B
6HHE,A
4QWO,A
1VMJ,A
5H0M,A
6VK6,C
6IWV,A
8AID,A
1WHZ,A
8DYD,B
3GY9,A
8IJ0,A
5CYV,B
2OOC,A
1C4Q,A
6S0D,A
3MWZ,A
3R62,A
4G4K,A
7T9X,A
5C7Q,A
3EOI,A
3QC7,A
8AF3,A
4DB5,A
8A9X,A
7YF5,A
5TKZ,A
4HS2,A
5DNL,A
5T46,B
5AB8,A
5ZZA,P
4TSD,A
3D0J,A
5LHX,A
3LFR,A
3DWG,C
4V3L,C
6H24,A
5ICV,A
5DMA,A
4R52,A
6P5H,A
7VYT,A
1OHP,A
5JRT,A
6AM3,A
2R1J,L
6TGS,A
6MIC,A
1DLW,A
1QVE,A
3LGB,B
2RBD,A
4CUA,A
3VA4,A
4GVC,A
2HUH,A
8G8K,A
7WR2,A
6QJA,A
2YWK,A
7TCY,A
2OQG,A
2BZ1,A
6KIS,A
6MRS,A
2B5A,A
4XB4,B
6DQP,A
5YSI,A
3LD7,A
8BOQ,C
5IT6,A
8OGI,A
7A48,B
3V46,A
6IS3,A
7VXR,A
4A3Z,A
5L2L,A
4OE9,A
4OFA,A
4V0S,B
6GCF,A
4HBZ,A
4LZL,A
4GB5,A
6YIG,A
4S35,A
7NER,A
6KO8,A
3LX3,A
1SFX,A
4BYZ,A
5V89,A
2WZ9,A
4UIQ,A
3JXO,A
4V1G,A
7CU9,A
2X32,A
5B6C,A
4PH8,A
3F8X,A
4U5R,A
4KQD,A
5LU5,A
3HOI,A
6HFM,A
5DLE,A
4PQQ,A
6S98,A
3PJY,A
7MO5,B
3C7M,A
7SNS,A
4ZCE,A
4RS2,A
6K2F,A
6QCB,A
2B0V,A
4W64,A
4ERR,A
3BA3,A
1NC7,A
8T5J,A
6ZTK,A
4CC2,A
1TGX,A
6WN9,A
2BV2,A
6CD9,A
6V1C,A
6IJE,A
6R1G,A
2FP1,A
4BOU,A
5C2U,A
4AG7,A
6F5C,A
2QML,A
7MQW,A
5NJO,A
7BQG,A
1IOO,A
4RAY,A
1J34,A
7KUG,A
4K7B,A
3B4Q,B
8GSY,A
4A41,A
6PX0,A
6TOP,B
4QY7,A
3BEI,A
5LYP,A
1EJ8,A
8R3F,A
1NOG,A
2HX0,A
1QHQ,A
7DM0,A
4A42,A
6W3W,A
2V33,A
2NML,A
3V7Q,A
1W4S,A
5EZU,A
6SCF,A
6GV5,A
1UHE,A
2F60,K
1SZ7,A
2EH3,A
1GHE,A
1JKE,A
3QP4,A
1D2S,A
2ZW2,A
3GPK,A
3WJT,A
1A62,A
7Z1K,A
1UGI,A
2ASK,A
1OQJ,A
1KQ1,A
2QKV,A
6KWZ,A
6BLK,B
8H02,A
4JEM,A
6NX5,A
3LFJ,A
4XOS,A
6CKA,A
5ODL,A
4GYM,B
3M1H,B
1VKE,B
4JXB,A
8A2G,A
3E3U,A
5Y5Q,A
1U53,A
7Z6P,A
6J98,A
7ZPS,A
2XDP,A
8OXL,A
5HK3,A
2QHL,A
8IHA,A
8CD5,A
5ODU,A
2BKF,A
6G1C,B
2OOA,A
7P0V,A
7Y5R,A
5WEC,A
7UXS,A
8AF1,A
8SXS,A
6UXE,B
3ON9,A
3V30,A
7D2A,A
4BH5,A
1DK8,A
6ZMP,A
2F9H,A
6E+055,A
5DZD,A
3OOO,A
2A0B,A
3OOU,A
4W6Y,A
1VIA,A
3A0Y,B
2XEV,A
6A58,A
5YUG,A
4ZV5,A
4RD7,A
3UID,A
5LZK,A
5IHF,B
8OIG,A
6ZPE,A
7PZ2,A
2WCW,A
6SIG,A
5E+068,A
6UBO,A
6O2V,A
7ZVM,A
7LSV,A
1GV5,A
7KRI,A
2DXA,A
8R3C,A
3CRN,A
1WWI,A
3IUW,A
7WKH,A
2YBY,A
6J4K,A
7C1I,A
2DTJ,A
3NEU,A
4U5H,A
7YDO,A
6EHI,A
3GZX,B
1WNA,A
1XS0,A
5AZX,A
4IX7,A
4E2U,A
5Z51,A
8PQR,A
8A9O,B
1W9S,A
5HJF,A
8VIS,A
6YB5,C
6HX0,A
4GOS,A
5EL3,A
3F43,A
3FGY,A
3VI6,A
8P0E,A
2VPB,A
4B6M,A
3PVI,A
8EOV,A
2Q9K,A
6IY4,I
3NJ2,A
2CDP,A
8PW2,A
5YVX,A
3TJ8,A
5ZBY,A
5FMU,A
6O19,A
3JZZ,A
8C3L,A
4ODN,A
3FIQ,A
6J4P,B
6V4M,A
7WU8,A
7XV9,A
4UQZ,B
6G4J,B
5B5I,A
4I1K,A
4V1K,A
5O2D,A
3PF6,A
4H17,A
1CCW,A
3ZHI,A
2Q3T,A
2W8X,A
2X2S,B
6HSD,A
3JRV,B
7PV5,A
2W87,A
7F88,A
4BBO,A
5T7A,A
2JDC,A
7WBO,A
2CC0,A
4TPV,A
2POS,A
2GPI,A
4L8P,A
2QLW,A
5HGW,A
1VKI,A
6OVM,B
1AOE,A
2OMZ,B
3N1F,D
5L37,A
7THN,E
3FPW,A
4ZLD,A
8I71,B
6TRK,A
3DKM,A
7SKL,B
2XXN,A
2QUD,A
6JM5,A
2HTD,A
4TYZ,A
8G64,A
3NOH,A
2C6U,A
4G3O,A
4W97,A
2GUI,A
5O63,A
5IXG,A
3NPD,A
6T7O,A
4JES,B
8BPT,A
3ZSU,A
4I0W,A
2DT4,A
7ZNX,A
7UMA,A
6VCR,A
5H6X,A
8U12,A
7FCN,A
3MPC,A
6A71,A
1TJO,A
4PHJ,A
2GMY,A
1P0Z,A
3CEC,A
2XET,A
4F54,A
3DO8,B
3EC9,A
3FH1,A
3BCW,A
6CB7,A
1T92,A
4QXB,B
3EJF,A
6M6S,A
3LYH,A
6BW9,B
4RCJ,A
1U69,A
6Q10,A
3D9N,A
1Y0U,A
5LJL,A
5FC9,A
2WAW,A
4EQA,C
1Q4U,A
5EEQ,A
6U54,B
1THX,A
6GPZ,A
2RDG,A
1WNY,A
5H7E,A
5DBL,A
1OW4,A
2R4I,A
5YDN,A
1Y0H,A
5A1Q,A
6KIL,A
1NBU,A
4XRM,A
2HA8,A
5A0D,A
7AOO,A
7Q47,A
2OB5,A
2WZO,A
2P0S,B
4GCO,A
5BS1,D
7EVS,A
6TYJ,A
6RPP,A
1JNR,B
2ASF,A
3H3H,B
1ELW,A
2AYD,A
6MRO,A
1JFU,A
2OU5,A
1UKK,A
2R78,A
4HC9,A
3IWL,A
8C28,C
3CZX,A
7KB2,A
8BUY,A
7W3N,A
6O5K,A
2FHP,A
5NUL,A
2C92,A
6ANZ,A
3WUC,A
3RNQ,A
2OZJ,A
7A0D,I
1MKZ,A
2WVF,A
3NVW,A
6A7T,B
3BRC,A
1NA0,A
2CXY,A
6PXC,A
2Y9U,A
4EUN,A
1XTE,A
1F2T,B
8POA,A
2XWS,A
4NTK,A
1RKI,A
1WQJ,B
3CYP,C
2RC3,A
5J3T,A
1LQV,A
7F0Y,A
2H30,A
1DBW,A
3Q7R,A
2YWL,A
1EYV,A
3IUO,A
2V76,B
7Y5J,A
5EU0,B
7YX0,A
1HXI,A
4PZJ,A
5XA5,B
2JCB,A
7AUT,A
3GWI,A
2EVE,A
3KOR,A
2Y6X,A
6HYF,B
2RKN,A
5APG,A
1KY2,A
1MBA,A
1M5T,A
1WS8,A
2CCQ,A
4RYO,A
1T9I,A
2EHG,A
3Q2B,A
3E9T,A
3FOJ,A
7DBU,A
8PAQ,A
7XN2,A
3PVH,A
1JER,A
2OS5,A
4V29,A
2Z6O,A
1ZZW,A
4LA2,A
2IU5,A
3CB0,A
6LF2,A
1MK0,A
5T1I,A
2YWI,A
7RZB,A
8FJF,A
1JB3,A
2CIU,A
3CAO,A
7Y4A,B
8BAU,A
1ID0,A
4NSM,A
1W53,A
3MD1,A
8J1I,H
3PJP,A
2BDR,A
5C79,A
1WLZ,A
1J2J,B
8AFJ,A
7NAJ,A
2WUH,A
1RFY,A
1T1V,A
3KPB,A
1YB3,A
2H2B,A
7XGC,A
1SU2,A
2F23,A
3QX1,A
3GV3,A
2D68,B
4DGF,A
2D3D,A
1JHJ,A
6H4L,A
2OY9,A
1GVP,A
2C8S,A
3LW3,A
1OU8,A
2W50,A
2X1F,A
1U84,A
6V2S,A
1IT2,A
3LFK,A
1G6G,A
1ZV1,A
8EPU,A
5MC7,A
1ZO2,A
3WMQ,A
2B9D,A
2FL4,A
5D4N,A
7ZJC,A
2WH7,A
5N17,A
2CVE,A
1TVG,A
1X0T,A
2DRV,B
4BVX,B
1G12,A
7R79,A
1VCC,A
3N10,A
2BL8,B
6I1M,A
4LMY,A
3TVT,B
1V8C,A
1I58,A
2EBB,A
4HJI,A
1N08,A
1XPP,A
2A8N,A
2CUA,A
1KAF,A
1YLX,A
1WT6,A
1BTK,B
7D2N,E
5KI9,A
1SK7,A
1YD9,A
1M4J,A
1IUJ,A
1S29,A
1F2U,A
3KMA,A
3ONH,A
6ILU,A
4QMD,A
3TRG,A
3PFT,A
5OHO,A
4QJV,B
4G9M,A
4YTL,A
7MWM,A
3WVT,A
3NI0,A
3KXT,A
3Q9V,A
3U9J,A
6DNV,A
6DBP,A
6SJQ,A
6P8O,B
6SVK,A
6P1E,A
6YJH,A
3LYG,A
2XF7,A
5OIX,A
4DNY,A
4EO0,A
8BIY,A
5M2Y,A
6E8M,A
3CG4,A
7JX6,A
1ON2,A
5G3Q,A
6DX2,A
5USB,A
5KZV,A
6A5H,A
7CCB,A
5AMT,A
3PG0,A
4IPB,A
8I3F,A
5SY8,O
5GMB,A
1HTR,P
5UQI,A
3K3C,A
6ZUS,A
7OKW,A
1WOL,A
5MDT,A
8OIK,A
4BDX,A
5UM7,A
4XQM,A
3KTA,B
4WKS,A
1GNY,A
2CJ4,A
6D0T,A
5AQM,B
2PQV,A
6DEY,A
3IU5,A
3SXK,A
7E4J,A
2P12,A
6TM6,A
7O54,A
7YPL,A
5AUN,A
2AJ6,A
2O6F,A
2HNG,A
4UOS,A
2ICT,A
4X37,A
2FBN,A
3A10,A
6O6O,A
3FPR,A
3SQF,A
6P8P,A
5KIQ,A
6FBX,A
3ES4,A
2Z0X,A
2HYT,A
2XCZ,A
8GIC,C
4QT6,A
3D0F,A
3L8E,A
6XCG,A
5TK8,A
8F60,C
3GLA,A
1ZPW,X
3CE7,A
3KZ3,A
2EJN,A
1X3K,A
7ANU,A
1YLL,C
3BN7,A
4Z8T,B
6IW3,A
5O33,B
8OQJ,A
4FDX,A
4NB5,A
6BDE,A
3H6Q,A
6JQY,A
5DPO,A
6IB8,C
3OJ0,A
7NDJ,A
5LW5,A
7MOD,A
6CVQ,A
6GQ4,A
3OMT,A
7F5I,A
1L6P,A
3PC7,A
4ACI,A
5A89,A
2YFU,A
3WFW,A
4AE4,A
1IM5,A
3V3L,A
2Z30,B
2QEU,A
5JBR,A
2RFM,A
7CCI,A
2F0C,A
3ZNU,A
7Z3B,A
3P3V,A
7QFG,A
6WGU,A
3OIZ,A
3OIO,A
4ZQA,A
7NBI,A
3ALU,A
1TX4,A
4U9B,A
2IML,A
6UXC,B
7AE6,A
3DF8,A
4XH7,A
3CP0,A
2R1I,A
7ZHD,A
7ZVO,A
7N10,B
4IWK,A
3DMC,A
3D9Y,A
2P09,A
5GW9,A
8ODQ,A
3BJN,A
2OIK,A
4NOF,A
5ZKM,A
7V4O,A
5HWV,A
3MVK,A
2A7B,A
6AE8,C
1SBX,A
5VMN,A
3M86,A
1VKF,A
8CYK,A
4PT1,A
1IBY,A
1CXY,A
3TRC,A
6I28,A
6G6S,A
8ORV,A
3MF7,A
3FX7,A
1M93,A
7ZJ1,A
6V4V,A
7RTX,A
4HEO,A
1Y66,A
4Y1R,A
6HTJ,A
6Z3J,C
6PCE,A
4USL,A
7TZV,A
2Z3V,A
2XOV,A
5IB0,A
4WCI,A
6T8S,A
2ZEQ,A
5E+016,A
6PIR,B
2OKM,A
6BSX,A
6YAV,A
6PNY,A
8FDS,A
2ICG,A
2Y44,A
2HC8,A
7Z3X,A
2P13,A
2VKJ,A
3KT9,A
5YHY,A
3UBC,A
7S4N,B
2DC4,A
3D2W,A
4ZYA,B
2D59,A
1UEB,A
7QZP,A
3BP3,A
1HXR,B
4IRF,A
1XW3,A
2J7J,A
6BWS,A
2P9X,A
1WUB,A
2D48,A
7O4F,A
4ZKY,A
4MBT,A
8AN4,A
3MQQ,A
6HIK,L
3KF6,B
2EEN,A
3ESM,A
1DZ3,A
1UFI,A
1L8R,A
8J9R,A
2WYQ,A
4TJV,A
4XHT,A
6DX1,A
5B3P,A
4ZSI,A
7D2S,B
5FVK,A
7BZE,A
8A8S,A
3CNH,A
4IAB,A
3B6I,A
3HQX,A
1VPM,A
3BDV,A
2ISB,A
7V8F,A
6DFB,A
5E1Z,B
3GBY,A
7B7J,A
5U75,A
6C0Y,A
2YVP,A
2OEB,A
8OF7,A
6OV1,A
4J9Z,B
8J49,A
3KP8,A
7UHE,A
3G2B,A
2YZJ,A
4H60,A
1T0P,B
1O6D,A
5Z1V,A
3W57,A
4CVD,A
3F2E,A
4D40,A
3IQ1,A
6M8T,A
2HVW,A
5O8W,B
4XUR,A
8B46,D
2AJ7,A
8AMY,A
2E0T,A
5M31,A
3O7A,A
3IKB,A
4K8W,A
3BN6,A
6T40,D
2O1K,A
4EW7,A
5OI7,A
6CEQ,A
3TVQ,A
6TN7,B
6MX1,A
3GX8,A
3SJ5,A
5Z2H,A
7X14,A
8B02,A
6BTY,A
2XFG,B
5EQW,A
2DC3,A
1NS5,A
5N0L,A
3RU4,B
6IS8,A
2QSA,A
8OS3,A
3LXR,F
3L8H,A
7RJ3,A
2A15,A
4MGQ,A
6B9M,D
1U14,A
6S3F,A
7JFL,C
4MYY,B
4KTW,A
2BQ4,A
6NEY,A
1TH7,A
5WID,A
6P0F,A
6SQ2,D
5UIY,A
5C5D,A
6AR4,A
2CHC,A
2I8D,A
4R4K,A
4G5A,A
3FKA,A
6BL5,A
3PE9,A
8S9W,A
5ZMO,A
2BK8,A
2YMY,A
2QIY,C
2OQB,A
3LUC,A
3USH,A
6WJO,A
3NJC,A
4GGT,B
3OST,A
6KZ1,A
7DCN,A
6LYX,A
6ONB,A
4OF6,A
7ENM,A
3NWC,A
4DOV,A
3TUO,A
5DO6,A
5GUQ,A
4UAF,E
3VDJ,A
4QND,A
3P2T,A
5NBC,A
3LBE,A
3BYQ,A
7YXV,A
5E2C,A
3DXS,X
3SGW,A
6OK1,B
3GE5,A
8FF9,A
1UAC,L
3EK3,A
3DFR,A
8OUP,A
2B8M,A
4CNL,A
4WQQ,A
4DAM,A
3WU4,A
3UWB,A
4JF3,A
3D4U,B
3ZQK,A
7CW1,A
2GDM,A
3MPZ,A
3C1Q,A
3NEC,A
8BDB,B
7PYT,A
5AIZ,A
2OD4,A
5UTT,A
3G5P,A
1ZKI,A
6Y16,A
4JW0,A
3LR2,A
2VBU,A
5IU1,A
4WHI,A
2CXX,A
2JG6,A
5BQP,D
2ONF,A
4WFT,A
1YQH,A
4ESQ,A
4G3V,A
5J5L,A
3C3M,A
2RLD,B
3RKL,A
2FEX,A
3E+039,A
5XI8,A
3PG6,A
4YWZ,A
7EL3,A
4LBA,A
3GA8,A
4MVN,D
4ZBY,A
7WME,A
1YOC,A
4RT1,A
1YN8,A
5IZE,A
3IJM,A
4D0V,A
4LGO,A
1U5D,A
1WDV,A
4I4K,A
3U2A,A
4LD6,A
7QS2,A
2D4P,A
7YVZ,A
4GV5,A
2VNV,A
2IDL,A
2WY8,Q
3Q34,A
4Y6I,A
4MLM,A
6JF8,A
4ZU4,A
4KMF,A
5FVJ,A
1Y7R,A
3GWM,A
2MSB,A
5E3E,B
1CTF,A
3FSD,A
1W41,A
4LSO,A
3KG0,A
1YRK,A
3OSE,A
2IHD,A
6P4N,A
4ZY7,A
3FKC,A
3BOD,A
5HRB,A
4KG3,A
2PN0,A
7OX3,C
1J27,A
5DTC,A
8CHW,A
2D37,A
5DOF,D
6DNL,A
3CRY,A
3H51,A
2A9I,A
2PLI,A
3F5R,A
5EF9,A
2RIQ,A
4IF5,A
2UVP,A
3S8K,A
5H7R,D
3EFY,A
2RHM,B
6SIR,A
3DD7,A
3E7H,A
7KIZ,A
4P09,A
5LDQ,A
2WCR,A
4JZU,A
3H6X,A
3L34,A
3TE8,A
2RH3,A
4Z4A,A
2HAH,A
1OSY,A
6JX3,B
3I5R,A
5HNO,B
2VXZ,A
2HKV,A
4D6Y,A
1VMB,A
4Q0Y,A
5CXM,A
3B7C,A
6RSN,A
3BYP,A
2NX4,A
1XSV,A
2RJ2,A
1RXQ,A
4OKE,A
4ADZ,A
2V9T,A
2NNR,A
2OBP,A
5CZ1,A
4RBR,A
1PDO,A
7YA9,A
3NRW,A
3EZI,A
3C57,A
3TJY,A
2GBW,B
6KY9,A
2FA1,A
3QRL,A
2BNM,A
6IE6,A
7UST,A
1WKA,A
2AQ6,A
4H8Q,A
1ECS,A
1H03,P
3MHX,A
1PBY,C
2ZKO,A
3C7X,A
6R5W,A
3VPY,A
3IDU,B
2DTC,A
4YBA,A
4YH8,B
5B3K,A
1HZ6,A
1RH6,A
1T82,A
1AOH,A
3G1J,A
2QWO,B
1ZXT,A
8BCT,A
2PBQ,A
2ZND,A
5NRR,B
7P8D,A
1NEP,A
1RWJ,A
4IIO,A
1IGQ,A
6N7O,A
7DRZ,A
3HA9,A
1H6H,A
4EVX,A
2IKB,A
3G2S,A
4RRF,A
3M9Z,A
3IC4,A
1J83,A
3BCY,A
1DQG,A
7XC3,A
2CY3,A
5HS7,A
1FLT,X
4XVV,A
1BHP,A
2R25,A
1HTW,A
6WAV,A
3HDF,A
1YGT,A
2QZT,A
2VLG,C
6R5X,A
5HOK,A
4WP2,A
1H6F,A
2OX6,A
3F5O,A
1P5V,B
3CSP,A
2BOP,A
3P6Z,C
3R90,A
2W6K,A
2P25,A
2P65,A
3HVW,A
1S5A,A
8OU1,A
1S5U,A
1T1J,A
3T7Z,A
6BEK,A
5YQP,A
7YR9,A
6H6O,A
7O0S,B
3IXS,A
6OG4,C
2Z7F,I
8AI8,A
3WE5,A
3WZS,A
1ZD0,A
2QTD,A
2OFY,A
3IT4,A
2GEB,A
3SO5,A
2O99,B
3MTQ,A
1TFE,A
1JD1,A
7BWF,D
1NG2,A
2GJ8,A
3GRN,A
1ZPS,A
2C2Q,A
2E8E,A
1TUV,A
2EPI,A
1ZS4,A
2RCZ,A
3ADG,A
2YF4,A
1OA8,A
3AEI,A
2PZH,A
6XAZ,B
1TS9,A
2HL7,A
3RKQ,A
2GEN,A
3LLV,A
1XE0,A
3QF2,A
4XUO,A
1EAR,A
2F5G,A
3E9V,A
3HMS,A
1QGE,E
1ZD9,A
4FAK,A
1VCD,A
4QKW,A
3FLV,A
2AXY,A
4GDO,A
1QF9,A
1OIO,A
1JOS,A
2VO8,A
4BHR,B
3AJV,A
7YH3,C
1QKK,A
2Q87,A
2QTR,A
1GS9,A
3WEB,A
1R1T,A
8OSD,A
2HAZ,A
6PXZ,B
8PR6,A
2FD5,A
1MK4,A
6GU1,A
1UPT,B
1Q1U,A
2CU3,A
8IW5,A
1F3U,A
8BZ2,A
3GGY,A
2NSA,A
3N90,A
1MZ9,A
2Y4X,A
1IUK,A
2DQL,A
3SWK,A
5UVR,A
7D2G,A
7DVR,A
2XSK,A
7D2E,A
2HEO,A
2FUJ,A
2FPH,X
1QST,A
1DDW,A
1JUV,A
2E+085,A
3C97,A
1Q2H,A
6CXB,A
3B08,B
3LE4,A
3R15,A
6IQE,A
5G4D,A
1Y81,A
5BY4,A
3N1E,A
6X1P,A
6FHP,C
5Z59,A
6QA0,A
4UUU,A
3SON,A
7C2G,G
1SF9,A
7M5I,A
7SZC,D
7XCD,A
3Q20,A
7CSV,A
6W6Z,A
8AJY,B
1BM8,A
3ZUI,A
4KT6,B
3CNQ,P
2QRR,A
1D0Q,A
6OMX,A
7JRK,A
8HO2,A
7DE9,A
6MCJ,A
4QAG,A
5MIY,A
4RN7,A
6D71,A
4LQB,A
1CPQ,A
2XZ4,A
7UAW,A
6P0Q,A
5G1X,B
3VYG,B
6N63,A
7RRM,A
7YGW,A
2HPS,A
1B5F,B
2IH3,C
6N1L,A
7ALC,F
6GPM,A
3BWL,A
4G6X,A
8EFN,A
2WFO,A
8FBE,A
5UC0,A
4PZ1,A
8EA6,A
6BBK,A
8AMH,A
4OXW,A
3D79,A
2WCB,A
4RGI,A
5LD9,A
4OBI,A
6X6F,A
5IZW,A
5JDJ,A
5F0E,B
2P0B,A
4HAS,A
5DJO,A
3FW2,A
3EHG,A
5XTK,A
7TLH,A
3CK1,A
2HUJ,A
6VPQ,A
7OZT,B
1JIW,I
8GBQ,B
2GU3,A
3B84,A
2XPP,A
3RNK,B
1PCF,A
7ZV1,A
5ZKT,A
5NIR,A
3K1H,A
5MR8,A
1JYA,A
5ABS,A
7Z06,A
4MZ3,A
3V7B,A
5KKQ,A
8AH9,A
6E+093,A
5H34,A
6IC9,A
4O7K,A
6P20,D
5TZD,A
3NSW,A
3ZT9,A
3BLZ,A
7L6L,A
4YFB,A
7VZO,A
3VTX,A
4CRW,B
5ECD,A
3UPS,A
5UMV,A
2WM8,A
3DR6,A
3OQG,A
3O48,A
2HQ6,A
4RHA,B
4GI3,C
5AJJ,A
3B8L,A
3QY3,A
6JIE,A
6O0W,A
3FNC,A
6DHX,A
2A9S,A
8INI,A
3SJH,B
6VVF,A
4XRA,A
2FE3,A
5WZF,A
3D7I,A
6K06,A
6TD7,A
1MDC,A
2RBG,A
1W2W,B
2I74,A
2F1F,A
3E0Z,A
1KPT,A
4CXF,B
6APP,B
3BV8,A
8ST8,A
3B76,A
2FPW,B
3I4S,A
6VZ0,A
1J8B,A
4HHV,A
4N0P,A
4AZ9,A
4CN0,A
6IST,A
4DH2,A
2O3F,A
3F52,A
1SVY,A
4GHJ,A
5OWC,A
4QHJ,A
4QU6,A
1P57,A
2Y8N,B
2ZVY,A
4N7C,A
4A1K,A
6FDD,A
8QFN,A
8VRM,A
3HX9,A
4LBH,A
7LTR,B
8GM7,A
3KH7,A
5IG0,A
1UUJ,A
3ZRG,A
7R5Z,A
2XZE,A
2DUY,A
5I8J,A
1UJ8,A
8AV2,A
5BUV,A
2IIH,A
2W3X,A
4NBX,A
6AZH,A
2QKP,A
2GFF,A
8B4B,W
3VFI,A
7DGU,A
2NPT,B
6TH0,A
3DJ9,A
3F5H,A
2D7C,C
3OYY,B
1XJT,A
1V96,B
8SMF,B
4IWB,A
1WWZ,A
2CX7,A
1BKB,A
1WRD,A
1R8N,A
1K66,A
3FDR,A
3FDQ,A
1NRZ,A
1GO3,F
1SE0,A
1KW4,A
3CVE,A
2BL0,A
6VD9,A
7BYW,A
2O4A,A
5I8T,A
6D4A,A
4C6S,A
4QN8,A
4HYL,A
8RXA,B
7Y56,A
4JO7,C
7FDO,B
3QOR,A
7AED,A
6IZH,A
3P9A,A
4R2Y,A
5GP9,A
6N90,A
7AX5,A
6SGF,A
4W8C,A
3FEU,A
4Z8A,A
6TXI,A
4QFT,A
5F67,A
3IA1,A
7XFR,B
4GRF,A
3F9S,A
2QHQ,A
3G5J,A
3BWU,D
3RLK,A
3IIJ,A
5YAD,A
3FRQ,A
5FQ1,A
3G0M,A
2RDM,A
4A5K,A
2BZ7,A
5O46,A
8OQH,A
5A4O,A
5ZYF,A
6XRB,A
3F3Q,A
4HOB,A
1YNB,A
7NUV,A
7XI5,A
2PA8,L
3R6A,A
5H9M,A
5XBN,A
5EVF,A
4ESK,A
5YJ8,A
3PT8,A
7ACM,A
5XLY,B
5IWB,A
4IQH,A
7Y7N,A
5WJE,A
5TBX,A
4EVY,A
8WOJ,A
4EFO,A
3T8K,A
4LUQ,C
6LR3,A
6XNP,B
5C4Y,A
7XPW,A
3GBO,A
5V4R,A
6BIE,A
4C0N,A
3N72,B
2Z10,A
7O5Y,A
7PEG,A
6ZT4,A
3HDC,A
3PJV,D
5Y6H,A
5VGT,A
5MUZ,A
6U9I,B
2OX7,A
6JLI,A
4B8E,A
2PMU,A
4HAT,B
4CY9,A
4CYB,A
7WRK,A
3EJG,A
1X7V,A
4U9V,B
4IKB,A
2CJS,C
4ZDS,A
3NL9,A
6Q9C,A
3GWN,A
3F42,A
5ZYS,A
3QS2,A
2CO3,A
8I3X,A
5LLJ,A
6H8F,A
4QGP,A
2GIY,A
4EHS,A
3P9V,A
2WKB,C
7F9H,A
4A20,A
8GXK,A
8QHQ,B
2HU9,A
2V1O,A
1J24,A
1MQV,A
5XIS,A
3PDG,A
6FM8,A
6LUI,A
6LKI,B
6TBZ,A
5H9C,A
4AGH,A
7Y54,A
1RGX,A
5U7F,A
3RKC,A
7BUH,A
4PV2,A
3IU6,A
3GYD,A
3FWZ,A
3FT1,A
2QPW,A
4QRL,A
4CSH,A
3BDE,A
4XSQ,A
4WKZ,B
4N6Q,A
5HWH,A
5YLB,A
2OD5,A
8AE4,B
6I31,A
7M2G,A
3RET,A
3O7H,A
2EJX,A
2FQ4,A
3IA8,A
6QUR,A
7B3N,A
4XEK,A
4U7I,A
5KWR,A
7BIO,A
4F8Y,A
6BZ9,B
5BXD,A
5J9I,A
5WWW,A
6I7Q,C
5FCE,A
5X9K,A
4HWC,A
7VJN,B
5WDD,B
4GQZ,B
3KGR,A
1UXO,A
1FMB,A
2BLF,B
6AVD,A
7UJG,A
2Q0Y,A
1VK8,A
1SVD,M
4OYD,B
4JCY,A
3OKX,B
1FAS,A
4H08,A
2XCJ,A
6DRE,B
7YLS,A
5OS9,A
3H8U,A
7S5O,A
1ILK,A
7LTW,A
2OU6,A
2QSI,A
5XKT,A
4G92,A
8DRG,A
4LMI,A
6J0Y,C
6W1I,A
4RO3,A
3EMI,A
6AU8,C
2CX1,A
2G64,A
1HPI,A
6Q8J,A
1XS1,A
5FFS,A
2RGQ,A
4ZGM,A
1TR0,A
1KP6,A
4X2H,A
6P7L,A
6BJT,B
4MTS,A
3QBM,A
3TVK,A
2A4V,A
5M1X,D
6E4O,A
8E+062,A
7W2I,A
4FFU,A
3F4A,A
5K21,A
2Q03,A
2A5D,B
4QBS,A
3LS0,A
2Q3V,B
3JZ9,A
2IG6,A
7RLM,A
1PCH,A
4TX5,A
3IRB,A
3FG8,A
6CCD,A
8SIU,B
6J5D,A
7BU5,B
5XIU,A
2H1T,A
6FMG,A
6VVR,A
1W4V,A
4N68,A
5NOH,A
3DN7,A
3SHO,A
1MGT,A
1YTL,A
4CHE,A
3U1D,A
1VLA,A
2TGI,A
4LIJ,A
6S5Z,A
5BUW,A
1ATZ,A
4NV4,A
3IHT,A
4YJW,A
6H49,A
2JJV,B
5XZT,A
6WI6,A
6A2W,A
2XVS,A
4XJY,B
1C44,A
3AG7,A
8FN9,D
2GEY,A
300000000000,A
3KBY,A
2Y43,A
4RTI,A
4HGN,A
3EXN,A
6K2H,A
3BB9,B
2Z0T,A
7DGY,A
3RCO,A
4Q2U,A
4GXB,B
2WY3,B
1LY2,A
3V4M,A
5FII,A
1CJW,A
5ELH,A
3DM8,A
4WAN,A
7W86,A
5K3Q,A
2IF6,A
2IT9,B
2SAK,A
1T6T,1
3C1D,B
7WRM,A
3U4V,A
3HSH,A
2Y28,A
4Z9D,A
8GAL,A
1CMC,A
4J32,B
3ONR,A
5I41,B
4Z2Z,B
2YH9,A
6VW9,B
1OJH,A
1WEH,A
4O7J,A
2C2I,A
2OKQ,A
7BMY,A
6QYY,A
5MEB,A
1J48,A
4B53,A
2BFW,A
3BSY,A
2WFH,A
4WXW,A
6OTD,A
6JMK,A
4NS0,A
1JID,A
2OOK,A
7MWI,A
2AQ2,A
4FXI,A
4UEX,A
1IIB,A
4ML7,B
4IZ7,B
1HYP,A
6IWD,B
3U1J,A
2YVR,A
1E6C,A
2FCR,A
2AG4,A
7OOM,B
3GL9,A
5W82,A
3M1E,A
4EO1,A
6TPL,A
5CB3,A
2HZQ,A
3PM2,A
2ZCA,A
2W0I,A
6IFH,A
3FYB,A
6FC6,A
1BDO,A
3VPB,E
2F9F,A
1WBA,A
8R2C,A
4ZYL,A
1A3A,A
3GP9,A
1KTG,A
3RMU,A
6VJG,A
2I9X,A
2CCM,A
7POK,A
7CZG,B
8EJM,B
1G5T,A
1DUS,A
1JH6,A
3KMV,A
1ZHS,A
1X3X,A
1TIF,A
7A3C,A
1QNA,A
2Q24,A
3GFP,A
4MNN,A
3ZRI,A
6SQW,A
21,B
3FB9,A
1Q5Z,A
2RDC,A
1P90,A
5LPI,A
5Y5E,A
2HQH,A
5CWF,A
1T2W,A
3K6Q,A
3IMO,A
2ZQO,A
2P3H,A
4ZKA,A
3CI9,A
4YF4,A
2DXQ,A
1VSR,A
4FVG,A
6TLY,A
7TRV,A
1YTV,M
3N27,B
3FRR,A
5KTC,A
2FBH,A
3FM2,A
1Q9U,A
1ZGZ,A
4HLB,A
5TL5,A
2V75,A
1T07,A
7DTL,A
1ORU,A
2VO9,A
6L9K,A
2O70,A
1WWR,A
1MUG,A
2P57,A
2EGJ,A
4GJ4,A
4F7F,A
7BQV,A
4KE2,A
3HA2,A
8H0L,A
4H7Y,A
1JYH,A
5EBG,A
1QKR,A
3RVC,A
1NO5,A
1SMX,A
1NPS,A
1OKS,A
1ZUO,A
7PB9,A
5J08,A
1F1M,A
7XPK,A
2FI9,A
2IGP,A
7DPY,A
3MN2,A
3H36,A
3TSO,C
7Y6B,A
8GN3,A
3BC1,B
4KWA,A
1XIY,B
1CCZ,A
4K9Z,A
2RG8,A
4UC1,A
5MR3,H
1N7F,A
5ZDS,A
1WY1,A
3UX3,A
2SPC,A
2Q73,A
2X5H,A
2POI,A
1TXQ,B
3KQ0,A
3SAO,B
8JU7,A
7P1W,A
3EUS,A
3CM0,A
6T3O,A
3I57,A
2EO4,A
8UK7,A
5U35,A
5EQZ,A
2IGL,A
2OQK,A
3C0F,B
2ZX2,A
1N71,A
1A73,A
4TKZ,A
2PLN,A
5HI8,A
1I4J,A
3K3V,A
1PGV,A
3PKZ,A
6CZH,A
1DFU,P
7T0Y,B
3NTK,A
2P38,A
4N6O,B
1H7C,A
2RJI,A
6HQZ,A
8D5V,A
5A3D,A
1LXJ,A
7RUR,C
2P4P,A
1DNL,A
5UG7,A
2P84,A
6MOS,A
1B9W,A
4YV4,A
4H2D,A
7Y16,A
2A61,A
2B1Y,A
2YXB,A
6CKY,A
5CXO,A
1K6K,A
3FF7,C
4JKZ,A
1IQ4,A
3W0E,A
1FPO,A
2OXL,A
5TRB,A
5FCN,A
3Q6A,B
1S7I,A
1G8E,A
1FS1,A
5V3S,A
1FAO,A
1UIX,A
2B7K,B
4RCM,A
2NS9,A
7QZ5,A
1IHJ,A
7FAX,A
5JWO,B
1WZ3,A
6V0M,A
2O0Q,A
2H1C,A
2AR5,A
1XAK,A
1S4I,A
6DVU,A
2QH9,A
2EBE,A
2GNC,A
1YBX,A
2G3T,A
1Y9I,A
1A92,A
4BHB,A
2ZRR,A
8AG8,A
1V2Z,A
5W9Q,A
3GQH,A
6IUH,A
2YZK,A
4ABM,A
1OXJ,A
2E+042,A
1YN4,A
1PK1,B
1YUK,B
1H8U,A
2BA2,A
2P7S,A
1X8D,A
7RJF,A
1VHS,A
3P8B,B
2HFN,A
2OO2,A
2YZT,A
2GHT,A
1ROA,A
4J2C,A
50000000000,A
3OCM,A
4Q5W,A
4M7R,A
4G08,A
4E0A,A
3ZH5,B
3X38,A
2GAX,A
4FLB,A
5FLH,A
4OFK,A
4XO1,A
3VWO,A
4OKV,E
6ONT,A
3ZDM,A
5W60,A
5Y8E,A
3ZG9,A
3LFH,A
2XLK,A
6CUJ,A
6BVC,A
5FID,A
6BWR,A
3OWR,A
2C41,A
3LUR,A
4AGK,A
8J67,B
6SDK,A
2EWT,A
3TXS,A
3GHD,A
6RP3,A
5IP4,D
6O2K,B
2QOS,C
3O0L,A
1Z06,A
3E0H,A
2YJL,A
5VZV,A
7AFW,A
7S6T,D
3A5P,A
7YUL,A
4G2P,A
8EG6,A
6W9R,A
6IBH,A
5SYB,A
1DW0,A
2R2A,A
4O7Q,A
1RY9,A
1H9S,A
4WH5,A
3CBQ,A
4DH4,A
5XGT,A
2VQG,A
2PWW,A
1YBZ,A
2XY2,A
4DIP,A
1H8P,A
7VKB,B
2VSD,A
7EXI,A
3KEP,B
5IJA,A
2XDJ,A
2RBB,A
7X5D,A
5F29,A
5H66,C
5YS3,A
2OQM,A
7VLJ,B
1W4R,A
8EY4,A
1R8O,B
4CU9,A
1S7Z,A
1O5U,A
3PH9,A
2CGQ,A
6Y8Q,A
3B33,A
2BSJ,A
7F8F,A
7B29,A
3IGN,A
1YLM,A
1O13,A
2O38,A
6W3F,A
1XWV,A
2IEK,A
6UIO,A
2XBT,A
5KCI,A
3FXH,A
4R3L,A
8OKW,A
4C1W,A
6WU7,A
3NV0,B
3MMZ,A
2OOJ,B
1ZE3,H
2XQU,A
7PZT,A
4UMS,A
7X8V,A
8BTX,A
2DYJ,A
3ZYW,A
1SS4,A
4D5T,A
6QRL,B
1TZ0,A
7N3T,C
5SUZ,A
3CSX,A
7O6U,A
5CYZ,C
3NOI,A
6AEP,A
5Y9W,C
6L7R,B
6UUQ,B
5EZ2,A
6TQP,A
3NPH,B
4O9K,A
2OTM,A
4QE0,A
2QPZ,A
6SM4,A
1WVE,C
7CT3,A
2OU3,A
3RMQ,A
4QBN,A
3FJ2,A
4HOI,A
5TEA,A
6OGH,A
6OKH,A
2JJS,C
3FMB,A
2W7N,A
5GT1,A
8JU8,A
1O6A,A
2OGI,A
6FNN,B
7LQ2,A
4DKC,A
3CZ6,A
4TWG,A
5DJE,A
4OD8,C
7QOD,A
4MGE,A
5V77,A
2CWY,A
3ON4,A
3GI7,A
4D53,A
4Q94,A
4F55,A
4GCN,A
3OV8,A
3L2H,A
2W3O,A
4UA3,B
4YF1,D
2YVA,A
4H8W,C
3GP4,A
7S5N,A
4EXR,A
5Z7Q,A
1TUH,A
3EN8,A
3W1O,A
4PU7,A
3SNY,A
6Z0C,A
5L8X,B
2GAG,D
2F4M,B
5Y69,A
4KOQ,A
2NWV,A
3UO3,A
8A8F,B
1EX2,A
2E4M,C
2PJS,A
5W5C,E
6ONU,A
2ZPD,A
1EJB,A
8T66,B
2OD6,A
6AO7,A
4AIK,A
2XIG,B
6QSR,B
2AUW,A
3KGZ,A
4HPM,A
1Y88,A
3C5C,B
7L9C,A
3D3R,A
6EBY,B
5XMZ,A
2YGN,A
5DS2,A
7A66,A
3NMR,A
3NFQ,A
4E6S,A
6BPH,A
3R6F,A
2PK8,A
7OWC,B
4BI3,A
7LGC,A
2QHO,B
2HBO,A
3MDF,A
2R7H,B
3LW9,A
1U7K,A
1T0F,C
3LRU,A
5X56,A
3G98,A
4OIE,A
1GUX,B
2H62,C
2DM9,A
2PH0,A
7Y5Y,A
1JMV,A
3K65,A
1L1Q,A
2CWZ,A
3AGY,A
2QMM,A
1GAK,A
6NH9,A
3BPJ,A
2XCB,A
4CVO,A
2P7M,C
2CXK,A
6DXY,A
5WF2,A
6OZX,A
5EVH,A
6TOC,A
6IS4,A
4YY2,A
8I11,A
7LFA,A
4G2S,A
4FD9,A
3CQB,B
8BDW,A
2PD1,A
3M5K,A
3T6K,A
4E2G,A
5KZA,A
6J05,A
4NBI,A
5FVD,B
4GN5,A
3H2D,A
4UYI,A
3ENU,A
4M32,A
4JGN,A
3LIY,A
7S5C,A
4KSN,A
1YWM,A
6Y24,A
5XAQ,A
1YB0,A
2FO3,A
8U0X,A
5VJI,A
3I3G,A
5X6L,A
5HT7,A
5Z6E,A
7YUJ,A
4N73,A
3L2C,A
6AK2,B
4Q5E,A
4XAL,A
7VE4,A
3D3S,A
6ACI,H
3SUM,A
2FZP,A
4EW5,A
4GOQ,A
7NBV,A
5TVI,V
5M45,C
2FHQ,A
7XFP,A
3ZHG,A
8GYR,B
1N12,A
7TJL,A
6NX3,A
1VI4,A
7KCG,A
4L5R,C
4N8N,A
5LY0,A
5BPX,A
4JRR,A
6VZD,A
3HCZ,A
4KV2,A
5MV8,B
7JNY,A
7QBM,P
2R47,A
8EBB,A
2IJQ,A
7FCJ,A
7RJJ,A
4N82,B
8SS1,A
2PQR,D
8BDK,A
2W0G,A
8P0Z,A
3THG,A
8T8K,A
4HHX,A
7N0J,A
5L8I,A
6ILD,C
7K7V,A
6Q3V,A
5YGH,A
5HU3,B
4OFF,A
3A4C,A
4HX6,A
4ATG,A
6YYL,A
7CD1,A
6PUP,A
2OGF,A
6QTA,B
6GZA,A
2GIA,B
7KUA,A
7BFK,A
4D0K,B
4BWC,A
6PW7,A
5T01,A
7UR2,B
5ZRZ,A
7BAH,A
6XAU,A
1VKC,A
7CFZ,A
4HRV,B
4RGU,B
7BRD,A
4E7P,A
5CHL,A
4AEQ,A
1OZ9,A
7DG0,A
4ZFO,F
5BU3,A
2QIH,A
6RFG,A
4PUH,A
8UH1,B
6BME,A
5NMO,B
5WQI,A
6IZB,A
5IBW,C
2F51,A
5YPP,A
5T5I,D
7DIE,A
3DML,A
3QF7,C
3C6V,A
4EXO,A
8Q4E,A
3KLQ,A
2GF0,A
1TVD,A
4NI2,A
3TFG,A
2FYX,A
5M26,A
7QRR,A
2F4P,A
5XLN,B
5A6S,B
2CWQ,A
4WRP,A
5BXG,A
4MH4,A
4QTP,A
1ZX8,A
3V0R,A
3KJJ,A
1U6T,A
8P5P,A
3PAS,A
3IWT,A
6HCD,A
3B8F,A
3NKL,A
1EX7,A
3G8Z,A
3S3T,A
7FH9,A
4O66,A
5YR0,B
2ODA,A
2ZCN,D
4TLP,A
3BJK,A
4K00,A
2XFV,A
6TJC,A
3TSS,A
1GUI,A
1SFP,A
1PL3,A
3NYM,A
6FAS,A
5FRE,A
2PYT,A
2OKU,A
4DLH,A
2FZS,B
4YP6,A
2PCN,A
2JDI,I
3OWC,A
5ZRT,A
7OB0,A
4JYS,A
2ZQM,A
5IC5,A
2VVW,A
3PCV,A
2IG8,A
6EVS,A
1UNN,C
6IF6,A
1REG,X
3FJS,A
2QYC,A
3UV0,A
1VQ3,A
6M7A,C
5XPV,A
5UKV,A
1R4V,A
3MGD,A
8TRS,D
3PC6,A
3OP8,A
6XB4,A
3PQC,A
3FJV,A
7TMG,A
2YWJ,A
6YGQ,A
2I9A,A
5IQJ,A
1XED,E
3AH7,A
6CXT,A
5Y5S,1
4GF3,B
2FRE,A
3JTW,A
3RPJ,B
3ECF,A
5DIK,A
7LGA,A
1QZM,A
3IG9,A
2NR5,C
4JHY,A
4K02,A
5W7B,A
6DM4,A
3CNU,A
4FQN,A
6B8W,A
2DSY,A
5KDO,G
1YZF,A
1GVC,A
3O10,A
2WCI,A
3ZIB,B
2QE9,B
1UFB,A
4CQI,A
3CB7,A
1WWC,A
3N8B,A
2YC1,C
3W6B,A
2G3A,A
1V7P,B
5ME5,B
6XRR,C
5TKM,A
6EL2,A
4TR3,A
6KN1,A
3FF2,A
6QVP,A
3AX2,A
3ABD,X
2FK5,A
8BSB,A
3FN2,A
3FAU,B
6EKB,A
1O4W,A
1S4K,A
3C85,A
2DB7,A
1K12,A
2CAY,A
4JDE,A
2G3W,A
2VJV,A
8UR2,E
3ZXN,B
3LYY,A
5Y27,B
3MCB,B
5IDM,A
5BX1,A
2IQJ,A
2Y7B,A
1DOI,A
2PL1,A
6C4V,A
7Q3J,A
2D58,A
3DRZ,A
3IP4,C
4RS7,A
1R8H,A
3DPJ,A
2VKP,B
4MT8,A
2PF5,D
4F7H,A
2QZQ,A
4OTN,A
1AYO,A
2P0H,A
6J0D,A
2R0H,A
5JJE,B
6U0I,A
4DGH,A
3H9W,A
4GIO,A
6Y2D,D
2IY2,A
3SWY,A
1UJC,A
1XG2,B
3MSW,A
4M1A,A
1TUW,A
8AVH,A
1FIP,A
7Y8I,E
1LR5,A
6ZPJ,A
3JU3,A
3N5B,B
5MXY,A
1I8A,A
1G3K,A
1YOA,A
4AYC,A
2FA8,A
4BG7,A
3DDT,A
1U2P,A
2WSH,A
1Y9W,A
5YXK,A
6AKQ,A
3NR1,A
1AGQ,D
6QEQ,A
4BK0,A
4FXV,A
7V8E,D
4F4S,A
6LQE,A
7PC1,A
1BXY,A
1VSC,A
2REM,A
7EPN,B
1QJ8,A
3RPF,A
1NH2,B
3T1O,A
5NL9,A
3B42,A
1MAI,A
2EBO,A
6Q76,B
2GPE,A
1TIQ,A
2QCK,A
4IY0,A
7MIA,A
4MPO,A
2YSK,A
2CY5,A
2O5H,B
8OTY,A
3QQ6,A
3FHV,A
6O56,A
5WTQ,A
1Q8B,A
3CQ1,A
4DJG,A
1JHS,A
2CYE,C
3APS,A
3WX4,A
5OEM,A
8T5Q,A
3EWI,A
4URG,A
1STM,A
1M0D,A
6DDR,C
5NOD,A
2CKX,A
3BDU,A
3K8U,A
7TNI,A
2HQT,B
1BUO,A
6EB9,A
5XOP,A
3VP5,A
3H5I,A
8F5I,A
5EKI,A
3P1X,A
7CNW,B
1XIW,A
2OVS,A
3AU4,B
6H9D,A
3KNV,A
3VHJ,A
7NUW,A
1NJK,A
3F6O,A
3BS7,A
1U9L,A
3HRO,A
2CW9,A
4MYM,A
1NP6,B
2A1I,A
8ANT,A
1JKG,A
2YHF,A
2EFV,A
3EUL,A
3HGM,A
4F25,A
3NRL,A
3TEQ,A
1SEI,A
2NZ7,A
7LMV,A
1QZG,A
2WP7,A
3EES,A
6NZX,A
3LYW,A
1SQW,A
1Y60,A
3MAZ,A
1E0B,A
7TH0,A
1XHK,A
6ZGQ,A
3CWI,A
1Y9Q,A
2EBJ,A
3JTE,A
1F39,A
3VK6,A
3T8Y,A
2EK0,A
1XGW,A
1S55,A
2QND,A
1U0S,A
2GSV,A
1ORS,C
1DI2,A
2R5U,A
4UEY,A
2DP9,A
1EZ3,A
2O5F,B
2BYC,A
8T9N,A
1RK8,C
8A51,B
7WA9,A
1U2W,B
3M21,A
1ZAV,A
3D7A,A
1F08,A
4NLH,A
1EER,A
1GU9,A
1Z2A,A
6ZPM,A
7PO9,A
1F5M,A
1P71,A
2Q2G,A
3WIS,A
4CAH,B
4HFV,A
6H86,A
6LG3,A
3R2C,A
7CNS,B
5XPC,A
4JIV,D
6LK7,A
6CPD,A
5AEJ,A
6JAU,B
4HAM,A
5ZC4,A
2XHA,A
4WV4,B
4BHU,A
2Q9R,A
3ES1,A
3K0Z,A
4IAJ,A
1Z6O,M
2O5U,A
4A5X,A
7AWK,A
2GF6,A
6F5X,A
2GUK,A
3VP8,A
4B96,A
4Y0A,A
1LR0,A
6ZSI,C
8P6K,B
2C1D,B
5FW5,A
7JL4,A
3M7K,A
3ONJ,A
7Y52,A
4TS6,A
3B02,A
3PNX,A
7F5Y,B
6N0S,A
4LQZ,A
3N9U,C
2QQZ,A
2E5Y,A
2PPT,A
3HIX,A
1IKO,P
6E8A,A
4A1R,A
3LAZ,A
3NY7,A
6GF1,A
5TUH,A
6LNL,A
4RUV,A
2QRW,A
7P6F,A
2PTM,A
4CCV,A
2CZ4,A
5X3D,A
1B1C,A
3IBW,A
1TC5,A
7EWI,A
3I7T,A
8DC0,A
7XP9,A
5HL8,A
6EXP,A
4FHR,A
4ELY,A
6IF4,A
4KTB,A
5K0P,A
5KX4,A
3JS5,A
2Q30,A
3DT5,A
4BJS,A
3DNX,A
2XZ8,A
5B0H,A
3RS1,A
5OMB,C
6RMV,B
3VU0,B
3ABF,A
4FYY,B
3OA4,A
1IXL,A
7ZLP,A
6PNP,A
3NF5,A
1VGJ,A
3DA5,A
4U12,A
1FQI,A
2AKP,A
5HD9,A
6EIB,A
6P1B,A
4O9L,A
4WVR,A
5Z1N,A
3KK4,A
6C62,C
5TS9,A
4WYH,A
1XHN,A
1O4T,A
2ZF9,A
4GDZ,A
3JX9,A
8EM5,A
3UCG,A
7Q06,A
2XDG,A
6RSW,C
3HTY,A
7DS2,C
3MAL,A
2YIL,A
7NX0,A
3EJK,A
7EHG,A
4H2W,C
4BHX,A
5ABY,B
3EYT,A
7F06,A
2VLI,B
4USO,A
3KZ7,A
4B6I,A
4L3U,A
3EEH,A
4BL0,E
1CQY,A
6DXN,A
1Y12,C
1LTS,C
6MGH,A
7TXN,A
4X8Y,A
3U52,E
2HSB,A
4ROJ,A
6ZMU,A
1PUC,A
2P5M,A
8TFS,A
6GWJ,B
1Y1X,A
2RH0,A
2WNY,A
1KLX,A
2P6H,A
3JYG,A
1IZM,A
5C8G,A
3V4D,D
1BEA,A
1LJO,A
7F2R,B
5EDL,A
2PN2,A
2OUW,A
1OGD,A
3L7H,A
3UUL,A
7ZG6,A
1GVN,A
4DEY,B
3FV6,A
3INO,A
3C8I,A
2OD0,A
2EF8,A
5IJJ,A
3KHE,B
4RUD,A
8BBM,A
1TU1,A
2O4T,A
1UW4,A
6Z2L,A
5D23,A
4I3M,A
2PV4,A
4HR2,A
2WV3,A
7VMT,B
5Z8O,A
8UM6,A
5CB9,A
6QEK,A
2RHK,C
8B10,A
2WEW,A
2NZC,A
1L3I,A
3PR9,A
6DS6,A
1NFV,A
6FPK,A
3ZMD,A
6Z2G,A
4E5X,G
4AQR,D
2D4U,A
2HRV,A
2FJR,A
2QXY,A
2PKH,A
4GEH,D
3BCK,A
2OX9,A
3K6G,D
5FR7,A
1KHY,D
4P1M,A
5DTH,C
3O0G,D
1OPC,A
1NZE,A
1T6S,A
2APO,B
1ITV,A
5U96,A
6EBQ,A
6N6R,B
8FCF,C
6KA3,A
5XGA,A
2OYP,A
4YJM,A
5Y9Q,A
4Q63,A
6IRP,A
4WZ0,A
2ISY,A
3C9P,A
6HF7,A
7SCX,B
6TV0,A
3HK4,A
6IN7,A
6CI2,A
3CAF,A
3KMI,A
7EG5,A
3PYC,A
7DMS,A
6EYX,A
4NK2,A
1RHF,A
5HPZ,A
3OT2,A
1VHX,A
3HZH,A
5CX7,A
2BBE,A
7X80,A
2OT9,A
1T0H,A
3S90,C
5OC0,A
8KCA,A
5VZ3,A
2D7V,A
4ZA6,A
2Q6Q,A
1JBS,A
2DYO,B
5HFS,A
4Q6V,A
3FYR,A
5D4S,A
6LTZ,A
3KDF,A
7UQU,A
6GZJ,B
6J19,B
5U78,B
2XY1,A
5G4Z,A
8I17,C
1ZUD,2
4YCS,A
5ZF2,A
6HJ6,A
1F3Z,A
7TVY,A
3ZFI,A
6TY2,A
6CW3,E
1V7L,A
3UEB,A
5ZWL,E
1L3P,A
6GYG,A
3KTO,A
4Z8W,A
7XT1,A
6ON1,A
7M1O,A
4MLS,A
3KWO,A
3IPF,A
4HSU,B
8IK5,C
6M0Q,B
3F75,P
2WPV,B
4D70,A
5WEE,A
2P5V,A
7RGW,A
3CNE,A
7NZ9,A
3HSA,A
7PJD,A
2J8H,A
3GLV,A
6CDB,A
4LQK,A
3GNJ,A
6K0O,A
8SOT,A
6YGU,B
3RIO,A
5UZN,A
3ZD2,A
7E+062,C
4PDC,E
6OVP,A
3QWG,A
8E0C,A
6O3X,A
5D22,A
6L34,A
8ADA,A
7VNI,A
4WLR,B
3OSG,D
7BHF,B
4K0D,A
3Q87,B
4G6D,B
4FIB,A
6QQ4,A
7VMB,B
4PUG,A
4RV0,B
2QEV,A
2XT2,A
5U93,A
5X3P,A
4QPO,A
6DG6,A
3WMD,A
6Q3Q,A
2LHB,A
4UAP,A
8HRV,A
2HCM,A
3K86,A
4Y7S,A
4E6K,G
5CYW,B
6JT6,A
2NUJ,A
4JDN,A
2BNL,C
4JE6,A
4OWK,A
4RW0,A
6VW7,A
2ESB,A
6FP5,A
8JMQ,B
5TFP,A
3CEX,A
3CU3,A
4YHV,A
4CGQ,A
5FGP,A
1URQ,A
1S3Z,A
3CNV,C
6AS3,A
2XW7,A
4IEN,A
4H5B,A
5L19,A
2OAF,A
7VQK,A
3CGG,A
4OJU,A
1APY,B
5E5U,B
6NWX,A
1NKZ,A
1GP1,A
5L09,B
1C3M,A
5ESC,A
4TSH,A
1FNS,A
3NKG,A
2YJK,A
4O1W,A
3F7C,A
1C8S,A
3II2,A
4FYU,A
2FW5,A
4OWT,C
1XER,A
3C1L,B
5H6Z,A
8H5V,A
5L33,A
3BQE,A
1WHS,B
1HE1,A
3HEI,B
4GR6,A
4MES,A
6I86,A
5I4C,A
4M20,A
2I9C,A
3E+019,B
6A8L,A
3FLJ,A
6E+020,A
8WKH,A
6WIS,A
3GCE,A
3JQW,A
7TT9,A
8J64,B
3FT7,A
3SOY,A
2OIW,A
7NCY,B
5JLV,C
6AHT,A
2GA1,A
5B82,A
3AS5,A
3NCE,A
4KVX,A
8QKY,A
5JOE,A
2SCP,A
2IAB,A
4IZE,A
3OVK,A
2VT1,B
1GCV,B
5GRO,A
2CKL,A
5GHL,A
6MIW,A
2NX2,A
3FFV,A
1SR4,C
5EO4,A
3GV1,A
8IH8,C
2V79,A
1ICF,I
4PIB,B
2OWA,A
3ZQS,A
4D0Y,A
4L82,A
2CXC,A
3IDF,A
4JIX,A
7UQ2,A
3GDW,A
3DB0,B
2BW3,B
4PS2,A
3G2E,B
1LKI,A
1YF9,A
1O22,A
4HH5,A
6A3W,C
2XGV,A
2WFB,A
2Q7B,A
3QAY,A
5FIE,A
3EWL,A
1YQB,A
7VIV,A
6KBR,C
7DNP,A
8PZO,A
5D1I,A
2Y75,B
3ZIH,A
7BZJ,A
1WDJ,A
1OR0,A
1KXG,A
3M5B,A
6BLH,G
1WA5,A
5EID,A
2OMD,A
1M4R,A
1AOC,A
2B1X,B
1R5T,A
1M5Q,1
2JDJ,A
4MRT,C
3ZIE,A
4FQG,A
5LXF,A
5V6G,A
2A67,A
2DYI,A
5CE7,A
4ZI3,C
1POC,A
1YHF,A
4HRG,A
1CDC,A
3WPW,A
1BYR,A
2HQ7,A
2GE7,A
2GR8,A
4N3X,A
3IM3,A
4M85,A
4IC9,A
5MKW,A
3EMF,A
5T9P,A
6B4A,A
2KIN,B
4MN7,A
6JS9,A
1N0S,A
8AD2,A
1SRA,A
2E+056,A
7M97,A
1COZ,A
3FLH,A
5XEF,A
2V90,A
3F2I,D
8HLG,A
4GQC,A
1DVO,A
4NWY,A
3AZC,A
1J3M,A
4AIV,A
4MT2,A
5BWD,C
6JL9,A
3ML3,A
2DBB,A
2D0O,B
2VPK,A
7P3A,A
2PPX,A
1HBK,A
3B7H,A
6PYO,A
3FUY,A
2Y1B,A
8JWS,A
1FC3,A
1OR7,C
4QR9,A
5NVM,A
1AMX,A
8Q90,A
1W94,A
2ERV,A
5C9F,A
4E+098,A
1OB9,A
1MSC,A
4JMU,A
6AHX,A
1VKU,A
2FIU,A
1OSD,A
4RKH,E
3DCM,X
2E2D,C
2FKB,A
2CY2,A
3G13,B
1H8E,H
2DST,A
8X2Q,A
4HMZ,A
1HRU,A
6JF2,A
2QQY,A
5LXR,B
6OD1,B
2H29,A
3HIE,C
2IB0,A
4V17,A
4ORZ,B
7VWO,A
5HDW,A
5CRB,A
3KBQ,B
4L9H,A
3Q63,A
4B0E,A
1VC1,A
1BTN,A
6Y2C,A
1RFE,A
1BM9,A
4HW0,A
1PI1,A
3IGR,A
5XUN,A
3TEK,A
2X5R,A
1BYF,A
3LF9,A
3WWT,B
5LOS,A
3FFY,A
3HI2,B
1TIG,A
1MBM,A
6RCX,B
3CNB,A
3DXE,A
4I9O,A
2EK1,A
2UWJ,E
2A38,A
3CQR,A
3CF4,G
5XP0,A
1V76,A
1DJ8,A
6CKO,A
1LY1,A
2UWI,A
3QBT,B
1SD4,A
1D9C,A
1KNQ,A
1P4P,A
1A1X,A
1D2O,A
1WPB,A
1H2V,Z
1TWU,A
1J5U,A
4EMO,A
6JZV,A
4JVW,A
3NZ3,A
3EQT,A
2P6V,A
7WEG,A
3AJF,A
3BS5,B
8DWL,D
5O9J,A
2YXH,A
5VHT,A
7WKP,A
2NOG,A
3FP9,A
3K7C,A
3D0W,A
1UII,A
2E6X,A
2AJG,A
1T9F,A
8SMQ,A
7CFF,A
1YQ5,A
2H2K,A
1GL4,B
7ZG5,C
1T4A,A
1EAY,C
2R2I,A
1FBT,A
2YYO,A
3GWY,B
1TN3,A
5FGS,A
2CZV,C
2I9F,A
8TTO,A
8HQU,A
5XTA,A
1ZC3,B
1S12,A
2HDZ,A
2FAZ,A
5WB4,A
3GVA,A
1WOC,A
3VC8,A
4GIP,A
4ZJ9,A
3MTX,A
1ALY,A
2HEY,R
3E1E,A
6HNM,A
1R7L,A
3BJ4,A
4ZVA,A
6DB1,A
3BRN,A
1GEF,A
3FFD,P
1F9R,A
2BTI,A
3E1R,A
3JV1,A
2ZAY,A
3LYX,A
3KVT,A
2QYW,A
4MAC,A
1GXJ,A
8HTW,A
2YWW,A
1DM9,A
3G8K,A
6KOS,A
7W62,A
7CSL,C
6GHU,A
3UV1,A
1Z4E,A
3QV1,G
2IYJ,A
1F3V,A
2FLD,A
3GM5,A
3T4R,A
1JHC,A
4BSP,A
2C3G,A
3HZ7,A
1GD2,E
3P8D,A
5UBE,A
2O71,A
3CUO,A
1MBY,A
7ME5,A
4YTO,A
1LGP,A
4Y99,B
3KLW,A
1FHG,A
1TJL,A
3AQE,A
1WQ6,A
2W5E,A
3EXQ,A
3RAZ,A
1ZTD,A
5BQ8,A
1YOZ,B
8P2A,A
2FIP,A
2Q0O,C
3GGM,A
6MPZ,A
2IM8,A
7O97,A
1DTJ,A
4OIJ,A
1F2L,A
1SFU,A
6FAN,A
1ROW,A
4NC7,A
3LTE,A
3M8E,B
6A77,A
3HTU,A
2P08,A
3K29,A
3ETZ,A
2ES9,A
1PZW,A
6HE6,A
1Z1Y,A
2ZKZ,A
3RNV,A
1IFG,A
2E1F,A
1SGM,A
4YX7,A
5TGN,A
4RKE,A
7FBY,A
7XUY,A
4D7P,A
5ZS3,A
3NRV,C
5W93,A
5TF3,A
5GKK,A
4N6J,A
5E0Y,A
4PKF,B
7VP8,A
6JFW,A
4W5X,A
4YIF,A
6K8E,A
6ABR,A
6JVY,A
6KV2,B
3O2U,A
4H86,A
3H6N,A
2NS0,A
3N3F,A
3RT3,C
8GUU,A
4OCI,A
5ED9,A
3DI5,A
4LW4,C
3BJ6,A
3IMI,A
5V0S,A
3GWR,A
6RGN,A
6W1T,R
5GPE,D
3UAF,A
4ISO,B
2D9R,A
5EIQ,A
1XVS,A
3E+056,A
2H5N,A
3E7K,A
5C8H,A
2APL,A
5DIL,A
4C9Y,A
5XNS,C
8H39,A
2XQX,A
4KRW,A
3BHP,A
5TOH,A
7CMA,A
4ESY,A
3L6I,A
1YLQ,A
5COS,A
5XUH,A
4DZG,A
6TCT,A
3MFN,A
6ZT0,A
7RGT,A
5X6V,G
4LHP,A
3SNK,A
3IVP,A
4NNG,A
1FQJ,C
3F6A,A
4GXL,A
5N5E,A
8I2F,A
6IZS,A
3ME0,B
2CCL,B
1BVY,F
4CHH,A
3KHN,B
7C2F,B
4XP8,A
1OHU,B
2ANE,A
2PHP,A
1OCS,A
3UT4,A
6WDZ,A
6QNN,B
4FK5,E
5TD6,A
6MF9,A
4OZK,A
3WP0,A
3RX6,A
5YGE,A
5TOU,A
5AOX,A
4AZ3,B
4IRV,E
2QYZ,A
3JYB,A
3BE3,A
3K6T,A
3R27,A
3BRO,A
3QJG,A
5VS7,A
6JHW,A
1IU9,A
6KY1,B
2RK0,A
3E3V,A
4ABX,A
7E2K,A
6HK5,A
3HVA,A
3I5B,A
2PKD,A
6S3Y,A
3OKQ,A
4GYT,A
5MKI,A
5Z9Z,A
4DN9,A
1F56,A
4EQQ,A
4DHK,A
3AJI,B
5TV7,A
4YK2,A
4QB5,B
3RGQ,A
6WIN,A
3FET,A
4K2J,A
5JU7,A
3D82,A
4C6R,A
2VS7,A
5JMB,A
2EKN,A
2R4H,A
4QIC,B
8A82,B
3DF6,A
4Q2P,A
6LSD,A
3K4G,A
7T91,A
4G2B,A
1T6A,A
4BHQ,A
3ZE3,A
2FZT,A
5F3O,A
4WBE,A
3M92,A
3ACA,A
3VUQ,C
2WL8,A
3BJO,A
6URQ,C
5SVH,B
7EWC,A
5EOF,A
2XGG,A
4JOI,C
4WFW,A
3BNK,A
1FSE,A
3GR5,A
1UB9,A
2WHN,A
6S9T,A
2ZFH,A
7WZ6,B
4GXO,A
5CR8,A
1EM9,A
4G9Y,A
6IUF,A
5GJK,B
5D9R,A
7UG2,A
6DX3,A
3MSZ,A
4DJB,A
3P51,A
5N5F,A
4PXJ,A
2PD2,A
6IMQ,A
4A69,C
8GI4,A
3LCZ,A
2X6N,A
7DGX,A
8TFZ,A
7CC9,A
6T21,A
5J7M,A
6TUN,C
4NTW,B
2GF4,A
1SV0,C
8AU0,A
7PWE,A
6K5U,A
3NDZ,E
7EQX,A
6HJ5,A
6PRH,A
4G6Q,A
6PFJ,T
3IC5,A
1MWW,A
2XVO,A
3U12,A
3MK9,A
6V7U,A
5LXN,A
2EJQ,A
5B7W,A
6O43,A
2QS7,A
4DVE,A
6AYI,A
5AYS,C
6U7B,B
3HDV,A
5XXS,A
4ZQU,A
2QZG,A
3UC2,A
3OPC,A
1VR4,A
3JTN,A
7ZGE,A
8OKS,A
8OZB,E
4Z8E,A
5HT6,B
3OLO,A
7E+072,E
6KML,A
4XWJ,A
6WW3,A
5II0,A
4PQ1,A
6GGR,A
7D8O,A
6JPM,A
6KHU,A
4I86,A
6NEP,B
7YIR,A
3BN3,B
4JMF,A
6KKO,C
4SGB,I
2NT2,A
6LK3,A
4MI8,A
5XQZ,C
4JZP,A
4BOP,A
3ALR,A
4KG0,A
2Q7A,A
6A6F,A
5MDI,A
2BSF,A
5ETE,A
2OPK,A
2F2L,A
3LMB,A
4CHG,A
4X9U,B
1Q7H,A
4U65,A
5L04,B
2Z9D,A
5GYQ,A
3OC8,A
3FY6,A
2Q3Q,A
4MP0,B
4FTX,A
3KTB,A
3PPB,A
3T6O,A
7YN3,C
4YK1,A
5GZT,A
5UG1,A
5UC6,A
3BF4,A
1OTG,A
1S7N,A
2P19,A
3FF4,A
7VSP,A
2JJ7,B
4NEO,A
4N5X,A
7SGP,A
2O7T,A
5Z7B,A
5BQ5,A
6XVU,A
6UUF,A
4UXA,A
4EJO,A
5UN7,B
5X9J,A
4GV8,A
7LJP,A
6TY0,A
8AHQ,C
2RJN,A
3IRA,A
3TDQ,A
2YHO,A
4Z5H,A
1SED,A
2J0N,A
1DYO,A
2XFA,A
3T7Y,A
5NB8,A
3JSJ,A
2BL2,A
7VLD,D
4NWP,E
2V1R,A
2Y8F,A
3BBZ,A
7JL6,A
7XNJ,A
3TJ7,A
3ICU,A
5A1N,A
1D1G,A
1EPA,A
5CYB,A
2BJ7,A
3JVO,A
2CA5,A
2PR8,A
5A9D,A
7E3T,A
5GY2,C
4MEJ,A
1KLO,A
2RE9,A
6ROL,A
2E2A,A
2C7N,A
7TJ1,A
2FB0,A
2ZMF,A
2RIH,A
6HGO,A
3DNS,A
6YXE,A
3BVP,A
5GPY,B
3L48,A
5WST,A
4XYP,A
2W4L,E
1G1C,A
2DSR,G
5WKQ,A
2BES,A
3LHH,A
3HHJ,A
1Z54,A
4IT7,A
3OQ3,A
2FI0,A
2F06,A
2DJ6,B
8PQ7,B
1UHN,A
2E1C,A
4AGR,B
3G3Z,A
1N81,A
3I71,A
3O69,B
2GAN,A
1JFZ,A
3GA1,A
2X57,A
5DQS,D
2O6K,A
7F6J,C
1OD9,A
1RMD,A
3N7S,C
2DGB,A
2IDO,B
2I79,A
2GBB,A
8F3K,A
5CJ1,A
3FXD,B
4A1S,C
3P9Y,A
1G5C,A
2A9U,A
6AHP,A
4RHW,E
3CTR,A
3EJH,A
4BJQ,A
3PGZ,B
1AIS,A
2WJH,A
1W8I,A
8P33,D
3HCT,A
1A32,A
6GBO,A
5JUI,A
8E0L,A
4WCW,A
6UVI,A
2PT5,A
2CWP,A
4YNL,A
4M3L,A
3HXG,A
1HQZ,1
1T08,B
1OFU,X
6W9S,A
3RSN,A
4GKF,A
3HPE,A
2Z69,B
3CT8,A
1NEZ,G
6AOZ,A
2EAX,A
3MEX,A
2CH9,A
6TPI,B
3GWL,A
4DNN,A
1SFE,A
1NF3,C
3MI9,C
4EVE,A
1SZ9,A
2EF7,A
3LOI,A
1K61,A
3CR3,A
6HLN,B
6VLI,A
2P1A,A
1UAD,C
3H43,A
3KZT,A
6OF8,A
2JK1,A
6PI4,A
3KHT,A
3KW6,A
3HKL,A
6CJ6,A
1WMG,A
1J1V,A
1NN7,A
2II8,B
8IW0,A
7UPO,C
4YE0,A
4RXJ,A
5OMD,A
1XUV,A
1U8B,A
1T4W,A
1X9Z,A
2ZOP,A
1RZ1,A
4LQE,A
2H09,A
4J29,A
8IBH,A
3GW2,A
3PH1,A
5U9J,A
1VF6,C
1Z94,B
1QB2,A
2ZC2,A
2NN4,A
5SVV,A
4JPN,A
7OYK,A
5CES,A
5ANR,C
3FH3,A
6HTF,A
4K30,A
7EQB,A
5YVQ,B
2VY1,A
5V8Z,A
4WLS,A
6YR7,C
4CGU,B
4OT1,A
4MVE,A
3F7S,A
5ABR,A
3JUW,A
1TTZ,A
8C3T,A
5LWK,A
5GOL,A
2EY4,C
1WWP,A
7TWD,A
3IEY,B
8D04,A
6YS4,A
3NKZ,A
4P78,A
3KY8,A
7MRJ,A
6HCI,A
5DZU,A
3B73,A
3EHC,A
4L1P,B
7S13,C
3IN6,A
4CVN,A
5H5O,A
3T5X,B
3D55,A
4YGT,A
6QFJ,A
7FIA,A
7PLQ,B
7O0B,A
4V2O,A
1H1O,A
5YZ4,A
7XRF,B
3DED,A
7F8M,A
4V1T,C
4XCP,A
5TPV,A
1I5N,A
8P5Q,A
8OWI,A
2NNC,A
4I6O,A
7AK7,C
7AD5,A
2R5S,A
2B34,A
6IIE,A
6RWC,A
7OPB,A
7FCC,A
3I8N,A
7VRC,B
2PNT,B
2FU2,A
2A1V,A
2EWC,A
6CNZ,A
6JY5,B
3H35,A
3K3S,A
7M5H,A
3GZ7,A
3WYG,D
8H17,A
1NVJ,B
3NPP,A
3LMN,A
4JON,A
1ZK8,A
3CED,A
2RCF,A
3KYE,A
3DRN,A
3BEE,A
2J6P,A
3QDP,A
4GE1,A
5W10,A
4ID8,A
1OR4,A
2DT9,A
1WU3,I
5ODQ,D
1OCX,A
3FAV,B
4DS7,F
1P9Y,A
3EY5,A
2PQN,B
4WHN,A
3SFT,A
2VRN,A
2QWZ,A
5UW8,A
5T3U,A
4IXA,A
1U61,A
3MKL,A
4ID2,A
4CKM,B
3QOC,A
3IX7,A
2IG3,A
3EQZ,A
2I04,A
7CQH,A
2W25,A
2QN6,B
4KMC,A
2IWP,B
8PYR,C
1XRX,A
8B8B,A
4YTE,A
3CG0,A
3ITW,A
2IOJ,A
4JOX,A
1I3Z,A
5HAL,A
5HMB,A
4NQJ,A
4NZG,A
4CGB,A
1ZVN,A
3OBF,A
4MQD,A
4P27,A
2ABZ,C
5FO5,A
5VL9,A
1CZJ,A
2FSW,A
4ZZF,A
7EBL,A
1ZSO,A
6OX6,B
8OKH,A
6B4H,B
6ITU,A
6SWL,A
7RQG,A
7O6N,A
2NXP,A
3OAD,B
5NKQ,A
7YIL,A
3JTP,A
2QYA,A
6OK0,A
3NNG,A
6BTC,A
7UNB,R
7QZR,E
5JH0,A
5BPZ,A
8R79,A
1YRV,A
3IF4,A
5HY6,A
5ZNG,C
8V1F,A
4PWA,A
7KM2,C
2HYJ,A
3EO4,B
4RSH,A
1BJA,A
6TP9,A
6XZ3,A
2P0T,A
7AE5,a
3R1V,A
6H9L,A
5LCY,A
3AYH,A
7W67,C
3P2A,A
4O32,A
3HNW,A
6KI2,A
4MHG,A
5UH7,A
1BOU,A
6XGT,A
5AJ8,A
4B6X,A
2UZH,C
1BPL,A
2VSW,A
4K2H,A
7DZ9,C
4BLG,A
3D8P,B
2Q78,A
4CNI,C
4D63,A
2FE1,A
5ITZ,D
5Z2V,A
1S4C,B
6ZSH,B
1TUL,A
7YK3,B
3QTH,A
3F9U,A
4ESN,A
4DZ6,A
3I9S,A
4NRH,B
4YK3,A
2PIM,A
1FTP,A
3NCT,A
1BB9,A
4XCH,A
3E6M,D
1VMO,A
5UNI,A
1DP5,B
4YIZ,B
4LVL,A
3HE0,C
4XXI,A
6JBX,A
3H3I,A
6NKL,A
2XI7,A
2JA9,A
1LBA,A
3BL4,A
1C9K,B
2H1E,A
3WZ4,A
2CO5,A
6C90,B
6ZH1,A
2XDY,A
7ZHL,A
3D4R,A
3CI0,J
8C47,B
2NSC,A
3GDZ,A
8FIH,A
1XL3,C
4N3Y,B
4WWM,A
3CJL,A
5GQQ,A
3SI5,A
3MY2,A
2QDL,A
6W5Q,A
3PL1,A
3KB2,A
4R2M,B
3BJ5,A
3GQS,B
8BS3,B
3SL9,C
1R71,A
1JZN,A
4PCW,A
3GUD,A
2GBO,A
8HOE,A
2FM8,A
1DYN,A
2I7R,A
1XXA,A
5HKP,C
4RMO,A
2NV4,A
3RJ2,X
3NO8,A
5OOO,A
2I39,A
2IRF,G
6SNK,A
8DTE,A
1IHK,A
3HFI,A
3F08,A
6F03,A
1MK7,B
8HBR,A
3LHK,A
1YMP,A
3IEC,E
3S35,X
6B8P,A
8G0K,B
3MUD,A
4Q95,A
1Z7U,A
6OQA,C
3MTS,A
2NWI,A
4DCK,A
1WN0,A
3T9O,B
1QSD,A
2V14,A
2QZI,A
3VOP,A
4P1N,D
6VNA,B
2D00,A
1CXZ,B
3QO4,A
1I3J,A
2ZDJ,A
3LK2,T
2V4I,A
3C5O,B
1ZVP,D
6F1K,A
1I8N,A
7YFV,A
1KJN,A
1P4U,A
3IGM,A
5ZTB,D
3W3W,B
6G3W,B
3RDR,A
3F1T,A
2WAT,A
2Z0U,A
3HJ7,A
3R3P,A
8P35,A
1TY4,C
1S7H,A
3IB6,A
1D4V,B
1QZ7,B
2C1M,B
7DH7,A
8P0S,A
6OQM,A
1IM3,D
2VX8,A
4HI6,A
8HN0,B
4U9N,A
6B8O,A
1CFZ,A
2H0E,B
5C9N,A
1EJE,A
3I9X,A
3BDD,A
2EK5,A
6KK9,B
1ZXQ,A
7DHG,B
3HVZ,A
7EDP,B
2XP1,A
3K2J,A
4HQU,A
1Y9B,A
1WUD,A
2HSN,A
1IHN,A
8ANV,C
2HMV,A
3V69,A
6QLC,A
4ZOS,A
7VIM,A
5GL6,A
8BFH,A
4FLA,A
2OP5,A
6AZ5,A
3JTG,A
4FBW,D
1QC7,A
2OTA,A
3MFB,A
3FDW,A
7UH4,A
3KKS,A
2CC3,A
3OOV,A
1HKF,A
3BY6,A
3GHF,A
1Y0G,A
1SBQ,A
2A2L,A
1L5P,A
3CS5,A
3GXV,A
3JQH,A
6U1P,A
6XXV,C
5XLL,A
5FQ2,B
5XSJ,L
4X8K,B
5XYF,B
5ZHU,A
5BU8,A
5VIT,C
3OCO,A
3R2P,A
6D12,A
6IEJ,A
3MW6,A
6S8S,B
7TCX,C
4UUR,A
2RET,A
7XGS,A
3SHP,A
2D27,A
2JA4,A
3BZ6,A
3M45,A
2PG4,A
3B48,B
1P2X,A
7DQG,A
8AGA,A
4DVK,A
5F0Q,A
5CX2,C
3GRC,A
4A49,A
4JBM,B
2V6S,A
5VJ2,A
8BXA,A
2EHW,A
1GH2,A
2I0F,A
2YGG,A
5W1A,B
4BSX,A
5FCM,A
6M2A,A
6GKI,A
4L3R,A
5KEF,A
1RJ8,A
2PXY,A
3O2P,E
5L73,A
4BOE,A
4CU5,A
4BBQ,A
2DDZ,A
5ZGN,A
3GEK,A
1JKO,C
5Y7W,A
3RFQ,A
6QO1,A
2ETS,A
5KSO,A
1QO0,D
4HYZ,A
7QRL,C
4HR6,A
4UDE,A
5OYL,D
1TII,C
2F4I,A
2GE3,A
6IEV,A
1HY5,A
3EMX,A
4LVN,P
7DNN,B
6IU5,A
8OFJ,A
3UEP,A
8CSH,A
5MQ8,A
5D8C,A
6EEZ,A
1MX2,A
1S3J,A
5DBR,C
2YZI,A
2EBY,A
6BSY,A
1K78,A
2C9L,Y
5CN2,A
4OCN,A
7E+090,A
1MNM,A
2IJ0,C
7KLD,B
3E7L,A
3TUF,A
2VVD,A
4FC3,E
5EK5,A
3NEY,A
1YZ7,A
1XX7,A
6SJ5,A
5J1L,B
7YRT,A
1TR8,A
6OHI,A
4BWN,A
3HDG,A
2B9S,B
3NMD,A
4LRK,A
4AFL,A
6TRI,B
4BNQ,A
7C7I,C
7W9H,A
4ZRL,B
1OC0,B
1A79,A
6JDX,C
4LSD,A
2HD0,A
7D8S,B
2FDB,M
6HPB,A
3S93,A
3IM4,C
4EAI,A
4TN5,A
3QIK,A
1O9Y,A
3P8C,F
3VYX,A
7E5B,C
6L2W,B
4RS8,A
7CIK,A
7P3I,A
7WLP,B
5DCK,A
6P22,D
5Z38,A
4I1S,B
3NA2,A
3UIP,D
5I0Q,A
7Q6C,A
4O8W,A
5Z1G,A
6UG4,A
7VVH,A
5WJC,B
6CXG,A
5HMA,A
4HQE,A
2RD9,A
3ODH,A
4KBB,C
1AM7,A
3OSJ,A
3CK2,A
2VQC,A
6P8E,C
2I7H,A
3S6L,A
2FGC,A
3PXV,A
4TT9,A
4RI1,A
4UF1,A
6I8X,A
3BB5,A
5ELK,A
1BND,A
1FXR,A
6IVE,A
3TL4,X
4FZX,C
5F1B,A
7XFF,A
7KW3,A
2YOP,A
4LO6,A
3NE7,A
3TZU,A
3K1S,A
3FVW,B
4F07,I
6TJ7,A
7Z0J,B
4R30,A
3VA9,A
5BRK,B
4NOO,B
5N7F,C
1J5Y,A
5WUJ,B
4RSU,A
3ULQ,B
5OAR,A
4QM9,A
3EXZ,A
2WNO,A
3WFD,C
3HZ4,A
2OV7,A
4U13,A
7WKO,A
7QH3,A
4NOC,C
1SMP,I
6E8L,A
6GF6,A
8K3D,A
6IR8,A
2VZB,A
1QQR,A
5FWZ,A
3I7D,A
7BYE,B
6M9K,D
2RSL,B
1AD6,A
5VXZ,C
2YXD,A
1L1S,A
3LXF,A
1KA9,H
5FN7,A
2J7A,C
7SMG,A
4PAV,B
1RL2,A
2O3B,B
1XPJ,A
3FXT,A
4HCE,A
2X4H,A
2PJP,A
3CNI,A
4HBE,A
5Y6G,A
4UZ8,A
3E8P,A
6ABQ,A
6UD7,D
5NVL,B
3GR0,A
2GWF,A
6AL9,A
4J7B,C
2J2Z,B
7N1L,K
2VSZ,B
7KC8,A
6EJQ,A
5B3D,A
2IYG,A
7BHY,A
1YWQ,A
4C1Q,A
1F35,A
6SLC,A
5G25,A
3CRK,C
2ZNL,B
2B98,A
3LMF,A
1B33,N
5OEC,A
1FJR,A
3FNI,A
6GJE,B
6LE1,A
5AJS,A
3BTP,B
5ERI,A
3DMB,A
6J8L,A
3OAN,A
1AHS,A
4PQZ,A
4WXM,A
1AQT,A
5VKY,A
1QLS,A
5GNA,A
3IX0,B
7WJT,A
1S98,A
2W2N,E
6SF3,A
4B4Y,A
3E1I,A
4NJC,A
2WMM,A
4O2H,A
1GU3,A
4GCV,B
3A8Y,C
3LYU,A
3BB6,A
2QLC,A
3I38,A
1VJX,A
3F31,A
1LSS,A
5HSZ,A
2J49,A
2XZZ,A
5HNM,A
1ASS,A
5EZB,A
3PVP,A
8W68,A
3CQX,C
1A2X,B
7C5W,A
8JFO,A
1EXZ,B
6HCZ,A
3MEP,A
2IWT,B
2GNN,B
1WSU,A
2B5I,C
2AUK,A
3QD7,X
1BL0,A
1G31,A
2J5A,A
3U4Z,A
5ET0,B
7QLH,A
1GZS,B
2R18,A
1H3O,B
1XZP,B
1L0S,A
1LNG,A
4KB2,A
2ESH,A
2H3N,A
1WMI,A
2ETH,A
2Z0R,A
2C5I,T
5ZZB,A
5XUK,A
2PMY,A
2NYX,A
1U2M,C
3DL3,A
2XL4,A
3FFM,A
7XI6,A
1G2C,B
3V67,A
3TRT,A
3GCG,B
3L4Q,C
3MQI,A
7TXE,A
1M56,D
8W8T,A
2W2X,C
3I00,A
1F3M,A
2VW9,A
3SOK,A
1YDL,A
2UUZ,A
2F07,A
2H27,A
3C4R,A
6UWO,A
4NFW,A
2FSD,A
1PAQ,A
4P1Z,A
2P9R,A
1MN3,A
4POI,A
5B52,A
2D4G,A
1JGS,A
4FPQ,A
4HQB,A
3S64,A
3KTY,B
4HKU,A
4D2K,A
5YIX,B
3R3T,A
6LUO,A
5ZC1,A
400000,I
5WXM,A
4QOZ,C
4HI4,A
4G0M,A
5HPF,A
3QQN,A
6U6U,R
6WG4,A
1YBT,A
5UGW,A
2WX3,A
3CEW,A
1TU3,F
4LL7,A
5ZX1,A
3WA0,G
2FFG,A
7YTA,B
4QJF,A
1VHZ,A
7X4E,A
6BS9,A
2F4E,A
6WK9,A
7CNB,A
4IX9,A
6TME,C
2OX1,A
8CI3,A
2QKL,B
3O0Z,A
5YZC,A
6MTJ,D
8E2Q,A
7P8P,B
6XQI,F
4NHR,A
1SYX,B
5UD5,A
7LWR,A
4B6W,A
6BKV,A
6YN1,J
5JJA,C
2JLM,A
4WFC,B
2V5E,A
1NHW,C
5F74,B
1PYT,A
1X6M,A
3WTD,B
4RHZ,B
2CRO,A
3EEF,A
1A6J,A
4MK6,A
1YYV,A
6DNQ,E
5OTJ,C
4ZOQ,A
2IYB,E
5Z11,A
7S6B,E
4DID,B
4XJC,A
4JLE,A
2XC8,A
2QPV,A
3BYW,A
3HUG,B
7L1I,A
7TEA,B
5TSE,A
2FIW,A
3QKX,B
2GJ2,A
5UFT,A
4PT7,A
1QU0,A
6RJX,A
2P8Q,B
3N44,A
1XEB,A
3DTD,B
3GXQ,A
1QYN,A
4S0U,C
5D8F,A
1VZJ,A
5GYY,G
4ZWQ,A
4HN7,A
5DUK,A
6U83,A
2YEV,C
5IZS,A
3ZPN,A
6KBB,E
3NJA,A
1ZOQ,A
7FF5,A
6EBU,A
7UI8,A
3W6K,B
6LW3,A
6HHK,A
3A2E,A
3LQV,A
1LJ2,A
4F42,A
8HJA,A
3BJA,A
1TTW,A
3LO3,A
4NVS,A
3QSZ,A
3TFZ,A
8E5D,A
4L5G,A
2F5Y,A
8BJW,A
7F90,E
5HDA,A
7Y19,A
7BWN,B
8HP8,A
5GUF,A
6IHG,A
6TMM,A
7EQE,A
1F8Y,A
5ESW,A
1QSM,A
5UQP,A
5WWO,C
4XPM,B
6LNM,B
2ARK,A
1BAI,A
6F1S,A
7EXB,B
4LG3,A
4BJJ,A
3D9R,A
3D6W,A
3RNM,E
4O2T,A
4NTQ,B
4MCJ,B
6TQU,A
3CEB,A
2YNQ,A
4OI4,B
3GK5,A
1JJ2,Z
3QHE,B
5Y3T,B
5XJG,B
1EAI,C
1E+044,B
4KWY,A
3OD8,A
3LOF,A
2BH1,X
7PQN,A
4BJ8,A
4WFQ,A
5D2M,G
2BMX,A
5HKI,A
2SAS,A
4LDA,A
2CLB,A
1SPP,B
4FEI,A
7CUJ,C
8HQL,A
2FDO,A
6IZW,C
2XJY,A
4JPK,A
3HEB,A
3SEI,A
3M62,B
7C0I,B
3KAW,A
3OQ4,A
6J2Z,A
1VP7,A
1U6M,A
3MWM,A
1NO1,A
2QGG,A
2J3T,C
7BV7,C
2QKB,A
1ID1,A
3SUB,A
4CHD,A
5G5R,A
3EBN,A
1MYL,A
2QYB,A
3LV9,A
4NQW,B
1JOG,A
4NJ6,A
1LGH,A
2OPE,A
4UEC,B
1I1R,B
1HUL,A
3COQ,A
7QYR,K
6EY0,A
1UTY,A
1TH8,B
5H72,A
2QKI,B
5T87,A
3FD4,A
7DC3,A
5X9Q,A
2CFX,A
6S6H,B
8HJJ,A
3EYY,A
5UWC,I
8EHB,A
7B9C,B
2P9J,B
4C0F,A
3RMI,A
1H8G,A
3FLD,A
1Z8U,A
2GTG,A
3RD3,A
2NNN,A
7YFJ,A
2D4R,A
3E+029,A
2QV0,A
4C0G,A
5F5S,B
5JFZ,B
2Q00,B
3DM3,A
3WWV,A
5J2Y,A
1S3L,A
3E8V,A
6ZJ8,A
3KF8,B
3EUD,A
6EPG,A
1B35,D
5T0F,B
7F5M,A
4WPM,A
3K2Y,A
4YMR,A
1IFQ,A
5BYU,A
2CG4,A
2PT7,G
1NBW,B
2IAZ,B
5X80,A
3LUA,A
3Q69,A
1DEB,A
1PDK,B
4EJU,A
6XKS,A
3HG9,A
2V1Y,A
2HD3,A
2A6H,E
1RVV,1
3DKZ,A
3GNA,A
6MSV,A
1SQU,A
6VDA,A
3AQB,A
3C0D,A
1Y8X,B
3V9R,A
7JOO,C
3TDM,A
2YY0,A
1SG1,X
2XV5,A
2ZXE,G
4ACV,B
6WKO,A
5TTX,A
5Z4Y,A
3W1Z,A
4JNH,A
6JUI,A
5AN6,A
6B8C,A
4XAX,A
6PSE,A
3KVP,A
7CCE,A
5JNP,A
5GOX,A
5HLJ,A
2QRD,D
8000000000000000,F
3MB2,B
2OQT,B
2HEV,F
7M95,A
6TZC,B
8F1B,D
1ZVF,A
1X9G,A
5H1X,A
4NG2,E
3VWB,A
4CBK,A
5JO2,A
3IFU,A
5TPT,A
3EFA,A
7E+085,A
4JG9,A
3W8H,B
4WAI,A
3GZ8,A
5V50,A
3G74,B
7TZH,B
4PSM,A
6OD2,A
3LVJ,C
5C94,A
4LD3,B
8I34,A
4WXA,A
3RGH,A
5I97,A
3KYQ,A
4R80,A
1YA5,T
6CMV,A
4HSP,A
5CDP,B
6CUQ,A
4ZCS,A
4CT0,B
4YLI,A
5UXX,A
1BUN,B
1EI7,A
8CT0,A
1PP7,U
7Y3I,A
6EUN,A
1A17,A
5WAM,A
4PWU,A
8DGL,A
3H3B,A
6T46,B
8AIL,C
5U55,A
6WK3,A
6HQ2,A
7MO0,B
8UZ8,A
3KCM,A
3ERM,A
7000000000000000,C
3KCN,A
3O5Y,A
2GSC,B
3B0Z,B
1TC3,C
2QH0,A
3TQM,A
2FOT,C
5EFX,A
4H7L,A
3S2W,F
3TR3,A
7JZK,B
1LPB,A
5WYH,B
3F1Z,A
3CTV,A
3D3O,A
4IM9,A
2QEA,A
5JZE,A
2X9A,A
6QWV,A
5IW9,A
4FM3,A
8E4F,A
7YDW,B
6K6R,A
4EFH,B
3E8L,C
4GBS,B
7QFK,A
6Y04,A
6OAU,C
5CER,B
5W39,A
5KBN,A
2P2E,A
5JNB,E
5W45,A
6ANW,A
4N04,A
6YBU,E
5VFY,A
5EJD,A
8A44,B
5D50,E
2YMK,A
4QXZ,A
7PB4,H
3LUQ,B
4OX0,A
1EJF,A
4L2W,A
6W40,A
6FH4,A
6U08,F
6ZZA,A
5Z5K,B
3K63,A
5WI2,A
5LDD,A
4CO6,D
4FGC,A
6N9A,E
1ITH,A
1HLB,A
1PYA,A
4R8O,A
2I88,A
3ERW,A
2HIP,A
7BYF,E
2GPR,A
3TL8,B
4M44,B
4XAH,A
1BXW,A
6SR6,B
6FX4,A
3WGD,A
5A74,A
6MKB,B
5FOR,A
2HDI,B
3FWB,B
5FFP,A
2RE7,A
1JSG,A
4PVZ,C
7UDO,A
6G6Q,A
4DAD,A
4NC2,A
2OGG,A
1PF5,A
1DTP,A
5NL1,A
3MAY,A
3EGN,A
5IXU,A
1JB0,E
3K2N,A
3STB,C
6M8O,A
5CM2,M
1AKH,A
3GCM,D
4ESB,A
2I45,C
3LCY,A
4G7V,S
1X0G,B
4LRV,A
7D85,A
1ULY,A
3NHV,A
5XRW,A
6TTS,B
8ST9,A
1T4O,A
4PC0,C
4ME9,A
1UMU,A
3GN3,A
6WNX,B
3O6U,A
2QTV,D
1AIH,A
3AJ1,A
3HM0,A
1ZNP,A
2NVN,A
6BJ5,F
4DYW,A
1P1C,A
1VDM,G
3KKC,A
3C8G,B
4EC6,A
1QHX,A
3IPR,A
6YA2,A
5H2W,D
6QP4,A
1RCU,A
3KE2,A
2IX7,C
2W68,A
2RE3,A
7VS2,A
3I9F,A
8AF9,A
4OOG,A
2J4B,B
1FO0,A
3LKX,B
1ZX3,A
4MTE,A
1P6P,A
7Y3L,A
3MKQ,B
5J7R,A
1QGK,B
1WS6,A
2UY6,C
2DX0,A
1HLV,A
6ZI0,A
3ZIG,A
5WX8,A
1Z91,A
2VWA,A
2BNG,A
1THN,A
3H3M,A
3FAC,A
3FK9,A
3FN1,B
3NI8,A
6J9R,A
1J0W,A
7VTY,A
3ZIA,J
1UUN,A
2FJC,A
4EYT,A
5JXC,A
2HJ3,A
6C6M,A
3M03,A
7MKK,A
3LD2,A
6BZH,A
3K1Y,A
2Z8H,A
2G2Q,B
2BVU,A
3F3B,A
1J3E,A
3E+054,A
2PQA,C
2Q97,T
2P1J,A
8EB5,A
3G80,A
7XED,C
4KNG,E
3C6F,A
5U7Z,A
7STA,A
7FDM,C
3BDW,A
1T3U,A
2OYY,A
3HDU,A
4PY6,A
6IY0,C
7EQC,B
3S6P,E
2P64,A
4ZUA,A
1T3J,A
2RB6,A
3ESI,A
5CFF,E
3VEP,C
2Q8V,A
5YAX,C
5IIP,D
2NYT,B
5CWT,A
1D8L,A
2D7E,A
3CFY,A
5X0T,E
2QL2,B
3C19,A
6UX8,A
1JQL,B
7SKP,A
1JLZ,A
1PPT,A
2NOU,A
2B5K,A
7RMS,A
6SAB,A
7N23,A
2N6O,A
6N68,A
2JUR,A
1WQD,A
2RLK,A
6VL2,A
1QKY,A
1MM0,A
2LI3,A
1G2G,A
7MMM,A
1ERY,A
1BGK,A
2MMJ,A
5XDI,A
2JQW,A
2MOA,A
2MM6,A
1QBF,A
2LXG,A
6AFQ,A
1WZ5,A
4LFQ,A
1PEN,A
1G1Z,A
5KHB,A
6D9P,A
2IT7,A
1TER,A
2KGH,A
2VQE,T
6PEZ,A
2KNP,A
2LJS,A
1Q2K,A
7JGY,A
1BZB,A
6GQ5,A
1ONT,A
5V0Y,A
1CNN,A
2DD6,A
5XO5,A
6GQ2,A
6MRQ,I
2NB2,A
1V28,A
2KVX,A
2LDS,A
1LA4,A
1C6W,A
2MAA,A
7ZRU,A
5U9Y,A
6D8Q,A
1B03,A
2GD3,A
4CPA,I
1G92,A
2MT8,A
6R95,A
1UGX,B
2KCG,A
5XO4,A
2L5R,A
6D93,A
7LCW,A
2M9L,A
1DHG,A
7MN3,A
5L1C,A
6D8S,A
1CZ6,A
6CDX,A
2MCW,A
2MJR,A
2CK5,A
1DXG,A
2MBD,A
2HGO,A
2MD6,A
2KNM,A
1DEC,A
1IB9,A
2KNS,A
3U6B,A
1CNL,A
5U9S,A
1Y03,A
2GJ0,A
5J6T,A
8FD4,A
1ACW,A
7S3E,A
1Y32,A
8FEY,A
1BEI,A
1ZA8,A
1HVW,A
2MQU,A
1BNB,A
6GS5,A
6GQC,A
1H9I,I
6GD5,B
2JPK,A
1MTX,A
1RPC,A
1HLY,A
2B38,A
6PIP,A
7X43,A
2PO8,A
2MJT,A
2IGU,A
2N2G,A
1DL0,A
1UT3,A
1PXD,B
2M2Q,A
6D8Y,A
7SAV,A
6G4X,A
1T2Y,A
2M3J,A
1AGT,A
2STB,I
7BRI,L
5UI7,A
5TCZ,A
6CT4,A
2N9A,A
2MVH,A
2ERI,A
6EE9,X
6OQP,A
3LLZ,B
5O3W,C
6JX3,A
6G4U,A
5U9R,A
1DTC,A
2N3P,A
6DUL,A
2M62,A
1SCO,A
3Q8J,A
2JQ1,A
2KGU,A
1IMI,A
7RII,A
1LMR,A
1RU5,A
7LRW,A
2K9O,A
5XOK,A
5XIV,A
2K7G,A
1PNH,A
1CFW,A
5XO9,A
5U9X,A
2JUT,A
1MCT,I
2MN9,A
2STA,I
5T4R,A
6XCU,A
7SAW,A
1V91,A
1LUP,A
7RMQ,A
5JQF,A
2LK6,A
1EWS,A
2MP9,A
1VB8,A
2MN8,A
6D8H,A
6CTG,A
2DTB,A
2M3I,A
2BF9,A
7MPA,A
7RUL,A
6WPD,A
1SIS,A
1N6T,A
1ZRV,A
2N9T,A
2JUS,A
1ROO,A
6G4K,A
5XOL,A
1EIT,A
1WQB,A
6D3T,A
2WH9,A
1Y5C,A
1ZRW,A
1ZFO,A
1HP9,A
1HA9,A
2CK4,A
1R1F,A
6GGZ,1
6GS3,A
6ATS,A
2LAT,A
5UA7,A
2CZP,A
8TV4,A
7RIJ,A
1ZNU,A
1LU0,A
1TXM,A
1QUZ,A
1V4Q,A
2MRW,A
5NWV,A
2MVJ,A
2NAY,A
2ME7,A
6PI3,A
2LER,A
6WUX,A
7RFA,A
5KGY,A
2GFR,A
7SAG,A
8EP5,B
2KUK,A
2MEN,A
2BSS,C
7RN3,A
2MM5,A
1IM1,A
1IE6,A
1RKL,A
7N22,A
5N4D,D
6G4V,A
5LBJ,A
1CHL,A
1Q3J,A
1JOT,B
3CTI,A
2MIX,A
2GCZ,A
6AZA,A
4LFS,A
7X41,A
2MLJ,A
5D9E,A
5I55,A
2LET,A
1C4E,A
1AXH,A
5O0U,A
1Q2J,A
5UA6,A
2NCY,A
5W54,A
6D8T,A
1JDM,A
3E4H,A
2YEN,A
1X7K,A
3E8Y,X
8GAJ,B
1XC0,A
1Q01,A
1H9H,I
2N0O,A
1CTI,A
2AP8,A
2B5B,A
5ZV6,A
2OOP,A
4Z7P,A
6BTV,A
1XSW,A
1EMX,A
7S55,A
7LT7,A
2KY3,A
5U9V,A
5WE3,A
1HD6,A
2M36,A
1MYU,A
1OMN,A
6G4I,A
5XBD,A
6DUU,A
5J6W,A
6TWG,A
5GIW,X
4BFH,A
6D8U,A
1BKU,A
2NBC,A
7SOH,A
6NIV,A
2V1V,A
2M61,A
5XO3,A
5GVO,A
1BH4,A
1RPB,A
6AAB,A
1V90,A
1C49,A
2KTC,A
2JPM,A
2EEM,A
1LMM,A
7KPD,A
5J6V,A
6SAA,A
1Y2P,A
1IEO,A
3LLY,B
7RMR,A
1BYV,A
2JUQ,A
6D8R,A
8TFV,A
1YZ2,A
1D7N,A
1WQE,A
1PPE,I
5I5A,A
2JX6,A
7X4D,A
6KN2,A
2OON,A
1ANS,A
1DCD,A
2MJS,A
7N20,A
1NBJ,A
2NCX,A
2CTI,A
1UL2,A
6WPB,A
1SXM,A
2JPJ,A
2KUX,A
6MK4,A
2K9B,A
2MDQ,A
1KTX,A
6BR0,A
5N4B,D
7N21,A
5ZCN,A
1K8V,A
2E2S,A
5UA8,A
2BTC,I
1ZLC,A
6XCR,A
3ODV,A
7N1Z,A
2ETI,A
2JPL,A
6AK0,A
6ATW,A
1WQC,A
5XOA,A
2MJQ,A
7EQZ,I
1F2S,I
1V7F,A
1GUR,A
2LK5,A
7RIH,A
1QNZ,P
2MCX,A
1N8M,A
5U9Q,A
2NDM,A
8S9Y,A
1A13,A
1DF6,A
1RUU,A
1Y04,A
2LQA,A
2DCX,A
6GIF,A
2LU9,A
1HRL,A
4GYO,B
7X44,A
2K9E,A
6CL3,A
1VM5,A
6VNZ,A
2JQ0,A
6CFB,A
2K38,A
5OLL,A
2K10,A
7EDK,A
2M2R,A
6KLM,A
2MEO,A
7TV5,A
1I26,A
6PI2,A
2AP7,A
6R96,A
2KTX,A
6D9O,A
2XL1,A
2UVS,A
1H20,A
1RKK,A
6GIG,A
2MEL,A
6MK5,A
1SCY,A
